query_event_id,statement_embedding_backend,neighbor_rank,neighbor_event_id,hard_filter_z_threshold_used,hard_filter_pool_size,shock_cosine,evidence_cosine,embedding_cosine,neighbor_date,neighbor_SPY_ret,neighbor_GLD_ret,neighbor_QQQ_ret,neighbor_UUP_ret
FOMC_0002,api,1,FOMC_0013,1.5,30,0.6666666666666666,0.117151008939887,0.9257289081727469,2025-06-18,-0.0002,-0.0053856275650212,-0.0002,0.0018
FOMC_0002,api,2,FOMC_0027,1.5,30,0.5659164584181102,0.09373134562034525,0.9224613611749746,2024-07-31,0.0163,0.0181,0.0296,-0.0055
FOMC_0002,api,3,FOMC_0011,1.5,30,0.9245003270420485,0.10760940573016273,0.9211134396903717,2025-07-30,-0.0013,-0.0172734972895408,0.0013,0.0098
FOMC_0003,api,1,FOMC_0019,1.5,27,0.7647058823529411,0.293914405094178,0.966339927185782,2025-01-29,-0.0045,-0.0038404097330004,-0.0019,0.002
FOMC_0003,api,2,FOMC_0036,1.5,27,0.7756315349925288,0.12785100252542667,0.959995339029209,2024-01-31,-0.0163,-0.0007,-0.0196,0.0025
FOMC_0003,api,3,FOMC_0033,1.5,27,0.48507125007266594,0.1068073148111695,0.959828733340418,2024-03-20,0.0092,0.0119,0.0119,-0.0046
FOMC_0005,api,1,FOMC_0007,1.5,28,0.5547001962252291,0.33251440555518413,0.9759805411479855,2025-10-29,0.0005,-0.0037872684129753,0.0045,0.0057
FOMC_0005,api,2,FOMC_0026,1.5,28,0.5962847939999439,0.14662360774187172,0.969731626961017,2024-09-18,-0.003,-0.0077104654052888,-0.0043,0.0011
FOMC_0005,api,3,FOMC_0009,1.5,28,0.6320816298242097,0.2912185378894711,0.9680403761465209,2025-09-17,-0.0012,-0.0077151716641871,-0.002,0.0033
FOMC_0007,api,1,FOMC_0005,1.5,31,0.5547001962252291,0.33251440555518413,0.9759805411479855,2025-12-10,0.0066,0.004259147967166,0.0041,-0.0053
FOMC_0007,api,2,FOMC_0026,1.5,31,0.0,0.28497671655469164,0.9725775951981568,2024-09-18,-0.003,-0.0077104654052888,-0.0043,0.0011
FOMC_0007,api,3,FOMC_0009,1.5,31,0.24273401821882049,0.3717513744477079,0.9704725768034517,2025-09-17,-0.0012,-0.0077151716641871,-0.002,0.0033
FOMC_0009,api,1,FOMC_0026,1.5,29,0.5001181893409724,0.1845397254247679,0.9712610763889954,2024-09-18,-0.003,-0.0077104654052888,-0.0043,0.0011
FOMC_0009,api,2,FOMC_0007,1.5,29,0.24273401821882049,0.3717513744477079,0.9704725768034517,2025-10-29,0.0005,-0.0037872684129753,0.0045,0.0057
FOMC_0009,api,3,FOMC_0005,1.5,29,0.6320816298242097,0.2912185378894711,0.9680403761465209,2025-12-10,0.0066,0.004259147967166,0.0041,-0.0053
FOMC_0011,api,1,FOMC_0013,1.5,30,0.8320502943378437,0.38263419792996983,0.9783343412636394,2025-06-18,-0.0002,-0.0053856275650212,-0.0002,0.0018
FOMC_0011,api,2,FOMC_0015,1.5,30,0.588348405414552,0.1498780487561893,0.9665844710232806,2025-05-07,0.0042,-0.0149930608013485,0.0039,0.0073
FOMC_0011,api,3,FOMC_0009,1.5,30,0.7686577243595982,0.25552313107425534,0.9462319156995884,2025-09-17,-0.0012,-0.0077151716641871,-0.002,0.0033
FOMC_0013,api,1,FOMC_0015,1.5,31,0.7071067811865475,0.13881199248888398,0.9843521309900676,2025-05-07,0.0042,-0.0149930608013485,0.0039,0.0073
FOMC_0013,api,2,FOMC_0011,1.5,31,0.8320502943378437,0.38263419792996983,0.9783343412636394,2025-07-30,-0.0013,-0.0172734972895408,0.0013,0.0098
FOMC_0013,api,3,FOMC_0019,1.5,31,0.0,0.28151868320858164,0.9731894290234029,2025-01-29,-0.0045,-0.0038404097330004,-0.0019,0.002
FOMC_0015,api,1,FOMC_0013,1.5,31,0.7071067811865475,0.13881199248888398,0.9843521309900676,2025-06-18,-0.0002,-0.0053856275650212,-0.0002,0.0018
FOMC_0015,api,2,FOMC_0019,1.5,31,0.34299717028501764,0.13716433504004166,0.9678778416783,2025-01-29,-0.0045,-0.0038404097330004,-0.0019,0.002
FOMC_0015,api,3,FOMC_0011,1.5,31,0.588348405414552,0.1498780487561893,0.9665844710232806,2025-07-30,-0.0013,-0.0172734972895408,0.0013,0.0098
FOMC_0018,api,1,FOMC_0031,1.5,31,0.4036036763977875,0.1461413291647431,0.959923703593246,2024-05-01,-0.0032,0.0091,-0.0072,-0.001
FOMC_0018,api,2,FOMC_0013,1.5,31,0.5547001962252291,0.29072781313331575,0.9425354286444563,2025-06-18,-0.0002,-0.0053856275650212,-0.0002,0.0018
FOMC_0018,api,3,FOMC_0015,1.5,31,0.39223227027636803,0.1603526007022633,0.9307405284595526,2025-05-07,0.0042,-0.0149930608013485,0.0039,0.0073
FOMC_0019,api,1,FOMC_0013,1.5,31,0.0,0.28151868320858164,0.9731894290234029,2025-06-18,-0.0002,-0.0053856275650212,-0.0002,0.0018
FOMC_0019,api,2,FOMC_0036,1.5,31,0.46537892099551725,0.14383222049282693,0.9719508666215122,2024-01-31,-0.0163,-0.0007,-0.0196,0.0025
FOMC_0019,api,3,FOMC_0024,1.5,31,0.5294117647058824,0.3519967136714693,0.9695175001316978,2024-11-07,0.0077,0.0160765038555301,0.0157,-0.0081
FOMC_0021,api,1,FOMC_0026,1.5,25,0.7453559924999299,0.5230578697510953,0.9787373032727228,2024-09-18,-0.003,-0.0077104654052888,-0.0043,0.0011
FOMC_0021,api,2,FOMC_0019,1.5,25,-0.7276068751089989,0.32111478953090106,0.966688532577429,2025-01-29,-0.0045,-0.0038404097330004,-0.0019,0.002
FOMC_0021,api,3,FOMC_0007,1.5,25,0.0,0.32118443302476823,0.9596060344304214,2025-10-29,0.0005,-0.0037872684129753,0.0045,0.0057
FOMC_0024,api,1,FOMC_0019,1.5,32,0.5294117647058824,0.3519967136714693,0.9695175001316978,2025-01-29,-0.0045,-0.0038404097330004,-0.0019,0.002
FOMC_0024,api,2,FOMC_0027,1.5,32,0.1176470588235294,0.17920828483846712,0.9568102098880056,2024-07-31,0.0163,0.0181,0.0296,-0.0055
FOMC_0024,api,3,FOMC_0036,1.5,32,0.46537892099551725,0.2092799198522796,0.9557709077463575,2024-01-31,-0.0163,-0.0007,-0.0196,0.0025
FOMC_0026,api,1,FOMC_0021,1.5,42,0.7453559924999299,0.5230578697510953,0.9787373032727228,2024-12-18,-0.0298,-0.0191850778377131,-0.0361,0.0116
FOMC_0026,api,2,FOMC_0009,1.5,42,0.5001181893409724,0.1845397254247679,0.9712610763889954,2025-09-17,-0.0012,-0.0077151716641871,-0.002,0.0033
FOMC_0026,api,3,FOMC_0005,1.5,42,0.5962847939999439,0.14662360774187172,0.969731626961017,2025-12-10,0.0066,0.004259147967166,0.0041,-0.0053
FOMC_0027,api,1,FOMC_0026,1.5,34,0.5061710682435311,0.2195887611297336,0.9626702276123149,2024-09-18,-0.003,-0.0077104654052888,-0.0043,0.0011
FOMC_0027,api,2,FOMC_0013,1.5,34,0.48507125007266594,0.29013502050268347,0.9485079925261154,2025-06-18,-0.0002,-0.0053856275650212,-0.0002,0.0018
FOMC_0027,api,3,FOMC_0007,1.5,34,0.269069117598525,0.23844016863915876,0.9389019832386171,2025-10-29,0.0005,-0.0037872684129753,0.0045,0.0057
FOMC_0029,api,1,FOMC_0027,1.5,29,0.34299717028501764,0.10074691854740071,0.9888999479953684,2024-07-31,0.0163,0.0181,0.0296,-0.0055
FOMC_0029,api,2,FOMC_0026,1.5,29,0.9486832980505137,0.11503302861152613,0.9599185132317595,2024-09-18,-0.003,-0.0077104654052888,-0.0043,0.0011
FOMC_0029,api,3,FOMC_0045,1.5,29,0.7071067811865475,0.12075578623657557,0.9369530898703179,2023-06-14,0.0012,0.0006,0.0073,-0.0049
FOMC_0031,api,1,FOMC_0018,1.5,31,0.4036036763977875,0.1461413291647431,0.959923703593246,2025-03-19,0.0109,0.0041077079996585,0.0134,0.0025
FOMC_0031,api,2,FOMC_0033,1.5,31,0.0,0.23357216918470786,0.9493757151170816,2024-03-20,0.0092,0.0119,0.0119,-0.0046
FOMC_0031,api,3,FOMC_0036,1.5,31,0.5170876899950191,0.24707937755466275,0.9484772029144053,2024-01-31,-0.0163,-0.0007,-0.0196,0.0025
FOMC_0033,api,1,FOMC_0036,1.5,32,0.0,0.5168002741365996,0.998795687746713,2024-01-31,-0.0163,-0.0007,-0.0196,0.0025
FOMC_0033,api,2,FOMC_0031,1.5,32,0.0,0.23357216918470786,0.9493757151170816,2024-05-01,-0.0032,0.0091,-0.0072,-0.001
FOMC_0033,api,3,FOMC_0045,1.5,32,0.0,0.14633962404088383,0.9422655721729731,2023-06-14,0.0012,0.0006,0.0073,-0.0049
FOMC_0036,api,1,FOMC_0033,1.5,34,0.0,0.5168002741365996,0.998795687746713,2024-03-20,0.0092,0.0119,0.0119,-0.0046
FOMC_0036,api,2,FOMC_0027,1.5,34,-0.3102526139970115,0.4899168971886822,0.9806040768648697,2024-07-31,0.0163,0.0181,0.0296,-0.0055
FOMC_0036,api,3,FOMC_0024,1.5,34,0.46537892099551725,0.2092799198522796,0.9557709077463575,2024-11-07,0.0077,0.0160765038555301,0.0157,-0.0081
FOMC_0037,api,1,FOMC_0045,1.5,30,0.5773502691896258,0.34521446005402473,0.9791206603417602,2023-06-14,0.0012,0.0006,0.0073,-0.0049
FOMC_0037,api,2,FOMC_0047,1.5,30,0.8006407690254358,0.3493726811255185,0.9590845984626477,2023-05-03,-0.0069,0.0085,-0.0065,-0.0054
FOMC_0037,api,3,FOMC_0050,1.5,30,0.5499719409228704,0.25775696242668433,0.9367194620599528,2023-03-22,-0.017,0.017,-0.0136,-0.0075
FOMC_0039,api,1,FOMC_0042,1.5,30,0.2357022603955159,0.3430659120385274,0.9792037395313404,2023-09-20,-0.0092,0.0007,-0.0144,0.0017
FOMC_0039,api,2,FOMC_0045,1.5,30,0.0,0.3644078093618365,0.9744490389876054,2023-06-14,0.0012,0.0006,0.0073,-0.0049
FOMC_0039,api,3,FOMC_0043,1.5,30,0.36514837167011077,0.40792950483420054,0.9578785707775113,2023-07-26,0.0002,0.0049,-0.0033,-0.0029
FOMC_0042,api,1,FOMC_0045,1.5,30,0.5773502691896258,0.3901477721385667,0.9956193214290543,2023-06-14,0.0012,0.0006,0.0073,-0.0049
FOMC_0042,api,2,FOMC_0037,1.5,30,2.9461301385306534e-18,0.21633521400237904,0.9847706999897634,2023-12-13,0.0138,0.0226,0.0127,-0.0085
FOMC_0042,api,3,FOMC_0039,1.5,30,0.2357022603955159,0.3430659120385274,0.9792037395313404,2023-11-01,0.0107,-0.0032,0.0174,0.0003
FOMC_0043,api,1,FOMC_0042,1.5,30,-0.25819888974716115,0.49440150674764083,0.9788108118967283,2023-09-20,-0.0092,0.0007,-0.0144,0.0017
FOMC_0043,api,2,FOMC_0050,1.5,30,-0.6085806194501845,0.3165398629077466,0.9661439584531067,2023-03-22,-0.017,0.017,-0.0136,-0.0075
FOMC_0043,api,3,FOMC_0039,1.5,30,0.36514837167011077,0.40792950483420054,0.9578785707775113,2023-11-01,0.0107,-0.0032,0.0174,0.0003
FOMC_0045,api,1,FOMC_0042,1.5,30,0.5773502691896258,0.3901477721385667,0.9956193214290543,2023-09-20,-0.0092,0.0007,-0.0144,0.0017
FOMC_0045,api,2,FOMC_0037,1.5,30,0.5773502691896258,0.34521446005402473,0.9791206603417602,2023-12-13,0.0138,0.0226,0.0127,-0.0085
FOMC_0045,api,3,FOMC_0039,1.5,30,0.0,0.3644078093618365,0.9744490389876054,2023-11-01,0.0107,-0.0032,0.0174,0.0003
FOMC_0047,api,1,FOMC_0045,1.5,46,0.8320502943378437,0.30182030393588116,0.9649074943424005,2023-06-14,0.0012,0.0006,0.0073,-0.0049
FOMC_0047,api,2,FOMC_0050,1.5,46,0.6416236526819376,0.5287177490681018,0.9621728512562097,2023-03-22,-0.017,0.017,-0.0136,-0.0075
FOMC_0047,api,3,FOMC_0037,1.5,46,0.8006407690254358,0.3493726811255185,0.9590845984626477,2023-12-13,0.0138,0.0226,0.0127,-0.0085
FOMC_0050,api,1,FOMC_0047,1.5,42,0.6416236526819376,0.5287177490681018,0.9621728512562097,2023-05-03,-0.0069,0.0085,-0.0065,-0.0054
FOMC_0050,api,2,FOMC_0045,1.5,42,0.408248290463863,0.24182266563870733,0.947381534842763,2023-06-14,0.0012,0.0006,0.0073,-0.0049
FOMC_0050,api,3,FOMC_0037,1.5,42,0.5499719409228704,0.25775696242668433,0.9367194620599528,2023-12-13,0.0138,0.0226,0.0127,-0.0085
FOMC_0052,api,1,FOMC_0047,1.5,43,0.588348405414552,0.1897422874096718,0.8950418572630732,2023-05-03,-0.0069,0.0085,-0.0065,-0.0054
FOMC_0052,api,2,FOMC_0027,1.5,43,0.34299717028501764,0.18856372521032122,0.879684444995323,2024-07-31,0.0163,0.0181,0.0296,-0.0055
FOMC_0052,api,3,FOMC_0045,1.5,43,0.7071067811865475,0.22109396205357043,0.8734518492107253,2023-06-14,0.0012,0.0006,0.0073,-0.0049
FOMC_0054,api,1,FOMC_0055,1.5,41,0.8944271909999159,0.21870614703259944,0.9988527799953716,2022-11-02,-0.0251,-0.007,-0.0343,0.0043
FOMC_0054,api,2,FOMC_0057,1.5,41,0.8320502943378437,0.3348076831723545,0.9820282515083687,2022-09-21,-0.0174,0.0046,-0.0179,0.0098
FOMC_0054,api,3,FOMC_0060,1.5,41,0.7071067811865475,0.20090216134802266,0.9789305046516001,2022-07-27,0.026,0.0102,0.0422,-0.0084
FOMC_0055,api,1,FOMC_0054,1.5,32,0.8944271909999159,0.21870614703259944,0.9988527799953716,2022-12-14,-0.0064,-0.0024,-0.0074,-0.0046
FOMC_0055,api,2,FOMC_0057,1.5,32,0.7442084075352507,0.18744660929439608,0.982699507681081,2022-09-21,-0.0174,0.0046,-0.0179,0.0098
FOMC_0055,api,3,FOMC_0060,1.5,32,0.6324555320336758,0.25096764756858586,0.9785268026611814,2022-07-27,0.026,0.0102,0.0422,-0.0084
FOMC_0057,api,1,FOMC_0060,1.5,30,0.196116135138184,0.24677771306322172,0.9952054297582328,2022-07-27,0.026,0.0102,0.0422,-0.0084
FOMC_0057,api,2,FOMC_0055,1.5,30,0.7442084075352507,0.18744660929439608,0.982699507681081,2022-11-02,-0.0251,-0.007,-0.0343,0.0043
FOMC_0057,api,3,FOMC_0054,1.5,30,0.8320502943378437,0.3348076831723545,0.9820282515083687,2022-12-14,-0.0064,-0.0024,-0.0074,-0.0046
FOMC_0060,api,1,FOMC_0054,1.5,45,0.7071067811865475,0.20090216134802266,0.9789305046516001,2022-12-14,-0.0064,-0.0024,-0.0074,-0.0046
FOMC_0060,api,2,FOMC_0055,1.5,45,0.6324555320336758,0.25096764756858586,0.9785268026611814,2022-11-02,-0.0251,-0.007,-0.0343,0.0043
FOMC_0060,api,3,FOMC_0061,1.5,45,0.7878385971583353,0.3955958511153585,0.9356588764639978,2022-06-15,0.0143,0.0131,0.0249,-0.0078
FOMC_0061,api,1,FOMC_0063,1.5,23,0.8325814468300735,0.4080435438376116,0.9584514668253619,2022-05-04,0.0305,0.0098,0.0338,-0.0083
FOMC_0061,api,2,FOMC_0065,1.5,23,0.9100891931116015,0.23661050176438558,0.9453931677553069,2022-03-16,0.0222,0.0063,0.0371,-0.0072
FOMC_0061,api,3,FOMC_0060,1.5,23,0.7878385971583353,0.3955958511153585,0.9356588764639978,2022-07-27,0.026,0.0102,0.0422,-0.0084
FOMC_0063,api,1,FOMC_0061,1.5,64,0.8325814468300735,0.4080435438376116,0.9584514668253619,2022-06-15,0.0143,0.0131,0.0249,-0.0078
FOMC_0063,api,2,FOMC_0065,1.5,64,0.9193194851282935,0.14386078479485487,0.9440399556893697,2022-03-16,0.0222,0.0063,0.0371,-0.0072
FOMC_0063,api,3,FOMC_0060,1.5,64,0.5661385170722978,0.15685908248860517,0.9058349463450912,2022-07-27,0.026,0.0102,0.0422,-0.0084
FOMC_0065,api,1,FOMC_0061,1.5,48,0.9100891931116015,0.23661050176438558,0.9453931677553069,2022-06-15,0.0143,0.0131,0.0249,-0.0078
FOMC_0065,api,2,FOMC_0063,1.5,48,0.9193194851282935,0.14386078479485487,0.9440399556893697,2022-05-04,0.0305,0.0098,0.0338,-0.0083
FOMC_0065,api,3,FOMC_0060,1.5,48,0.7921180343813393,0.20396077806666413,0.9207604679685076,2022-07-27,0.026,0.0102,0.0422,-0.0084
FOMC_0068,api,1,FOMC_0070,1.5,17,0.9406045088693032,0.39589725544704174,0.9434173675758752,2021-12-15,0.0156,0.0043,0.0228,-0.0015
FOMC_0068,api,2,FOMC_0073,1.5,17,0.8262339491328654,0.1714123899859559,0.893668163703713,2021-09-22,0.0098,-0.0037,0.0093,0.0028
FOMC_0068,api,3,FOMC_0082,1.5,17,-1.483212365104016e-17,0.19991260877080952,0.8793096333356033,2021-03-17,0.0034,0.0071,0.0041,-0.0049
FOMC_0070,api,1,FOMC_0072,1.5,51,0.9191450300180578,0.21023295143675427,0.9625017923265167,2021-11-03,0.0061,-0.0083,0.0106,-0.0024
FOMC_0070,api,2,FOMC_0068,1.5,51,0.9406045088693032,0.39589725544704174,0.9434173675758752,2022-01-26,-0.0025,-0.0162,-0.0016,0.0054
FOMC_0070,api,3,FOMC_0061,1.5,51,0.8140998837302797,0.12551823791714686,0.7676797893767615,2022-06-15,0.0143,0.0131,0.0249,-0.0078
FOMC_0072,api,1,FOMC_0070,1.5,48,0.9191450300180578,0.21023295143675427,0.9625017923265167,2021-12-15,0.0156,0.0043,0.0228,-0.0015
FOMC_0072,api,2,FOMC_0073,1.5,48,0.7206037585776719,0.18805221080795168,0.9585878975862039,2021-09-22,0.0098,-0.0037,0.0093,0.0028
FOMC_0072,api,3,FOMC_0186,1.5,48,0.433289122413121,0.061119465570351035,0.7577668606997576,2014-12-17,0.0196,-0.0059,0.0182,0.0124
FOMC_0073,api,1,FOMC_0077,1.5,48,0.4338609156373123,0.14091333771452397,0.9849591456780377,2021-06-16,-0.0056,-0.0169,-0.0037,0.0082
FOMC_0073,api,2,FOMC_0080,1.5,48,0.560112033611204,0.19148895923028028,0.9764883713285007,2021-04-28,-0.0003,0.0029,-0.0034,-0.0037
FOMC_0073,api,3,FOMC_0082,1.5,48,0.5170876899950191,0.18746519419417693,0.9686734002242866,2021-03-17,0.0034,0.0071,0.0041,-0.0049
FOMC_0076,api,1,FOMC_0073,1.5,47,0.23529411764705882,0.2179882316847738,0.9905557662803877,2021-09-22,0.0098,-0.0037,0.0093,0.0028
FOMC_0076,api,2,FOMC_0077,1.5,47,0.6507913734559685,0.2545293774958365,0.9885065393409499,2021-06-16,-0.0056,-0.0169,-0.0037,0.0082
FOMC_0076,api,3,FOMC_0072,1.5,47,0.27022640946662696,0.10187921314456501,0.9482980029992873,2021-11-03,0.0061,-0.0083,0.0106,-0.0024
FOMC_0077,api,1,FOMC_0076,1.5,52,0.6507913734559685,0.2545293774958365,0.9885065393409499,2021-07-28,-0.0004,0.005,0.0038,-0.0028
FOMC_0077,api,2,FOMC_0073,1.5,52,0.4338609156373123,0.14091333771452397,0.9849591456780377,2021-09-22,0.0098,-0.0037,0.0093,0.0028
FOMC_0077,api,3,FOMC_0098,1.5,52,0.38138503569823695,0.18671663257890633,0.7569541109146942,2020-03-15,-0.1094,-0.0114,-0.1198,-0.0321
FOMC_0080,api,1,FOMC_0082,1.5,50,0.984731927834662,0.6920457558797326,0.9923797243733619,2021-03-17,0.0034,0.0071,0.0041,-0.0049
FOMC_0080,api,2,FOMC_0077,1.5,50,0.25819888974716115,0.650625029589264,0.9811486652876414,2021-06-16,-0.0056,-0.0169,-0.0037,0.0082
FOMC_0080,api,3,FOMC_0073,1.5,50,0.560112033611204,0.19148895923028028,0.9764883713285007,2021-09-22,0.0098,-0.0037,0.0093,0.0028
FOMC_0082,api,1,FOMC_0080,1.5,53,0.984731927834662,0.6920457558797326,0.9923797243733619,2021-04-28,-0.0003,0.0029,-0.0034,-0.0037
FOMC_0082,api,2,FOMC_0087,1.5,53,0.7385489458759965,0.5672581132862652,0.9753339404213678,2020-11-05,0.0195,0.023,0.0261,-0.0095
FOMC_0082,api,3,FOMC_0077,1.5,53,0.28603877677367767,0.4995152374164657,0.9713024989319083,2021-06-16,-0.0056,-0.0169,-0.0037,0.0082
FOMC_0084,api,1,FOMC_0086,1.85,15,0.0,0.4734369318511252,0.9896732330013709,2020-12-16,0.0016,0.0055,0.0055,-0.0012
FOMC_0084,api,2,FOMC_0087,1.85,15,0.816496580927726,0.7210913887003023,0.9776369582222582,2020-11-05,0.0195,0.023,0.0261,-0.0095
FOMC_0084,api,3,FOMC_0089,1.85,15,0.3,0.44458784222379016,0.9698148867137197,2020-09-16,-0.004,0.0028,-0.0159,0.0012
FOMC_0086,api,1,FOMC_0087,1.5,38,0.5773502691896258,0.5699946833399547,0.9880954086348879,2020-11-05,0.0195,0.023,0.0261,-0.0095
FOMC_0086,api,2,FOMC_0068,1.5,38,0.0,0.21220910322982797,0.857231297056433,2022-01-26,-0.0025,-0.0162,-0.0016,0.0054
FOMC_0086,api,3,FOMC_0153,1.5,38,0.0,0.12072413680858352,0.7645135131669307,2017-02-01,0.0004,-0.003,0.0069,0.0008
FOMC_0087,api,1,FOMC_0089,1.5,22,0.24494897427831783,0.3778345214912422,0.9882238305850479,2020-09-16,-0.004,0.0028,-0.0159,0.0012
FOMC_0087,api,2,FOMC_0086,1.5,22,0.5773502691896258,0.5699946833399547,0.9880954086348879,2020-12-16,0.0016,0.0055,0.0055,-0.0012
FOMC_0087,api,3,FOMC_0084,1.5,22,0.816496580927726,0.7210913887003023,0.9776369582222582,2021-01-27,-0.0244,-0.0063,-0.0279,0.0062
FOMC_0089,api,1,FOMC_0087,1.5,19,0.24494897427831783,0.3778345214912422,0.9882238305850479,2020-11-05,0.0195,0.023,0.0261,-0.0095
FOMC_0089,api,2,FOMC_0086,1.5,19,0.0,0.5677869872368954,0.9802278177521933,2020-12-16,0.0016,0.0055,0.0055,-0.0012
FOMC_0089,api,3,FOMC_0084,1.5,19,0.3,0.44458784222379016,0.9698148867137197,2021-01-27,-0.0244,-0.0063,-0.0279,0.0062
FOMC_0092,api,1,FOMC_0089,2.2,31,0.3,0.10546175661817299,0.9013649944575555,2020-09-16,-0.004,0.0028,-0.0159,0.0012
FOMC_0092,api,2,FOMC_0087,2.2,31,0.816496580927726,0.5287718464519853,0.8926571939176173,2020-11-05,0.0195,0.023,0.0261,-0.0095
FOMC_0092,api,3,FOMC_0084,2.2,31,0.9999999999999998,0.2878450199668087,0.8801874949187307,2021-01-27,-0.0244,-0.0063,-0.0279,0.0062
FOMC_0093,api,1,FOMC_0092,2.2,9,0.0,0.24559690599739745,0.9919211640265091,2020-07-29,0.0123,0.0075,0.0115,-0.0047
FOMC_0093,api,2,FOMC_0095,2.2,9,0.3,0.4231563977251414,0.9884691125894053,2020-04-29,0.0262,0.0055,0.0355,-0.0041
FOMC_0093,api,3,FOMC_0089,2.2,9,0.0,0.19345081687463753,0.8898399840289726,2020-09-16,-0.004,0.0028,-0.0159,0.0012
FOMC_0095,api,1,FOMC_0093,2.9000000000000004,15,0.3,0.4231563977251414,0.9884691125894053,2020-06-10,-0.0056,0.0143,0.012,-0.005
FOMC_0095,api,2,FOMC_0092,2.9000000000000004,15,0.7071067811865475,0.2966583831144669,0.9818732881563672,2020-07-29,0.0123,0.0075,0.0115,-0.0047
FOMC_0095,api,3,FOMC_0280,2.9000000000000004,15,0.1414213562373095,0.05431029474747647,0.7395884630073141,2009-08-11,-0.0125,-0.0015,-0.0086,0.0008
FOMC_0097,api,1,FOMC_0293,2.9000000000000004,8,0.9853877465186034,0.09524917392781378,0.7074270225701719,2008-12-16,0.0471,0.0225,0.0482,-0.0241
FOMC_0097,api,2,FOMC_0287,2.9000000000000004,8,0.9454063165900024,0.08390032705365541,0.6986043732900028,2009-03-17,0.0306,-0.0084,0.0377,-0.0015
FOMC_0097,api,3,FOMC_0290,2.9000000000000004,8,0.7033533126053656,0.04538194215632676,0.6653893676020167,2009-01-28,0.0338,-0.0109,0.0353,0.0035
FOMC_0098,api,1,FOMC_0113,1.5,127,0.9485048806959625,0.13262849593260406,0.8367982597406334,2019-07-31,-0.0109,-0.0131,-0.0138,0.006
FOMC_0098,api,2,FOMC_0120,1.5,127,0.9092802833058768,0.07361294624813172,0.7979585374311231,2019-01-30,0.0158,0.0057,0.0254,-0.0051
FOMC_0098,api,3,FOMC_0118,1.5,127,0.8291561975888501,0.19715160596266681,0.7838398182537422,2019-03-20,-0.003,0.0065,0.004,-0.0058
FOMC_0101,api,1,FOMC_0089,1.85,13,0.6002450479987809,0.07470104011456509,0.7245571414057178,2020-09-16,-0.004,0.0028,-0.0159,0.0012
FOMC_0101,api,2,FOMC_0087,1.85,13,0.560112033611204,0.09497561711649315,0.7120429250490449,2020-11-05,0.0195,0.023,0.0261,-0.0095
FOMC_0101,api,3,FOMC_0086,1.85,13,0.36380343755449945,0.07687133246605532,0.7103489351608867,2020-12-16,0.0016,0.0055,0.0055,-0.0012
FOMC_0103,api,1,FOMC_0104,1.5,49,0.39223227027636803,0.12639801009107585,0.9918043810989243,2019-12-11,0.0028,0.0069,0.0053,-0.0037
FOMC_0103,api,2,FOMC_0120,1.5,49,0.6154574548966636,0.19898381908311263,0.9681391874517999,2019-01-30,0.0158,0.0057,0.0254,-0.0051
FOMC_0103,api,3,FOMC_0115,1.5,49,0.6565321642986127,0.13301305753480794,0.9611907124100751,2019-06-19,0.0023,0.0061,0.0038,-0.0046
FOMC_0104,api,1,FOMC_0103,1.5,52,0.39223227027636803,0.12639801009107585,0.9918043810989243,2020-01-29,-0.0008,0.0054,0.0016,0.0015
FOMC_0104,api,2,FOMC_0125,1.5,52,0.4961389383568338,0.1204196990271209,0.9493233161074247,2018-11-08,-0.0018,-0.0022,-0.0064,0.0059
FOMC_0104,api,3,FOMC_0127,1.5,52,0.6923076923076924,0.12882069375466101,0.9168481383499415,2018-09-26,-0.003,-0.0053,0.0007,0.0004
FOMC_0106,api,1,FOMC_0110,1.5,52,0.8882053623194086,0.7176216949788266,0.991072022468387,2019-09-18,0.0006,-0.0063,-0.0004,0.0037
FOMC_0106,api,2,FOMC_0113,1.5,52,0.8897681066002583,0.312009564796612,0.9744613566632929,2019-07-31,-0.0109,-0.0131,-0.0138,0.006
FOMC_0106,api,3,FOMC_0103,1.5,52,0.6469966392206304,0.18363099130452193,0.9560440715917766,2020-01-29,-0.0008,0.0054,0.0016,0.0015
FOMC_0109,api,1,FOMC_0153,1.5,49,0.0,0.0485360055242685,0.5387367349954588,2017-02-01,0.0004,-0.003,0.0069,0.0008
FOMC_0109,api,2,FOMC_0098,1.5,49,0.5330017908890261,0.05817919267882716,0.5370796636398472,2020-03-15,-0.1094,-0.0114,-0.1198,-0.0321
FOMC_0109,api,3,FOMC_0150,1.5,49,0.0,0.042113024464675436,0.5257649110872546,2017-03-15,0.0087,0.0187,0.0062,-0.0118
FOMC_0110,api,1,FOMC_0106,1.5,50,0.8882053623194086,0.7176216949788266,0.991072022468387,2019-10-30,0.0031,0.0055,0.0048,-0.0022
FOMC_0110,api,2,FOMC_0113,1.5,50,0.8495690637658716,0.14532177021361467,0.9774049910347062,2019-07-31,-0.0109,-0.0131,-0.0138,0.006
FOMC_0110,api,3,FOMC_0115,1.5,50,0.9270471647242886,0.12927990536205267,0.9517296340030419,2019-06-19,0.0023,0.0061,0.0038,-0.0046
FOMC_0113,api,1,FOMC_0110,1.5,54,0.8495690637658716,0.14532177021361467,0.9774049910347062,2019-09-18,0.0006,-0.0063,-0.0004,0.0037
FOMC_0113,api,2,FOMC_0106,1.5,54,0.8897681066002583,0.312009564796612,0.9744613566632929,2019-10-30,0.0031,0.0055,0.0048,-0.0022
FOMC_0113,api,3,FOMC_0115,1.5,54,0.8938528145050127,0.14234527071653655,0.9439183495649504,2019-06-19,0.0023,0.0061,0.0038,-0.0046
FOMC_0115,api,1,FOMC_0103,1.5,56,0.6565321642986127,0.13301305753480794,0.9611907124100751,2020-01-29,-0.0008,0.0054,0.0016,0.0015
FOMC_0115,api,2,FOMC_0120,1.5,56,0.9051114573693304,0.41282315764324345,0.9548246166179819,2019-01-30,0.0158,0.0057,0.0254,-0.0051
FOMC_0115,api,3,FOMC_0106,1.5,56,0.9911395756300484,0.14147392628394373,0.9528347383684267,2019-10-30,0.0031,0.0055,0.0048,-0.0022
FOMC_0117,api,1,FOMC_0120,1.5,64,0.12309149097933268,0.2566952187903929,0.9835093447978076,2019-01-30,0.0158,0.0057,0.0254,-0.0051
FOMC_0117,api,2,FOMC_0103,1.5,64,-2.2371143170757382e-17,0.1509471409592651,0.9582551227800769,2020-01-29,-0.0008,0.0054,0.0016,0.0015
FOMC_0117,api,3,FOMC_0129,1.5,64,0.6324555320336758,0.38797273589587716,0.9524773448151098,2018-08-01,-0.0017,-0.0073,0.0038,0.0012
FOMC_0118,api,1,FOMC_0120,1.5,63,0.8206099398622183,0.2887946161601818,0.9615994480158043,2019-01-30,0.0158,0.0057,0.0254,-0.0051
FOMC_0118,api,2,FOMC_0103,1.5,63,0.8333333333333333,0.1789664216000859,0.9366089105729145,2020-01-29,-0.0008,0.0054,0.0016,0.0015
FOMC_0118,api,3,FOMC_0115,1.5,63,0.919145030018058,0.20649616098600196,0.9330333962016111,2019-06-19,0.0023,0.0061,0.0038,-0.0046
FOMC_0120,api,1,FOMC_0103,1.5,70,0.6154574548966636,0.19898381908311263,0.9681391874517999,2020-01-29,-0.0008,0.0054,0.0016,0.0015
FOMC_0120,api,2,FOMC_0118,1.5,70,0.8206099398622183,0.2887946161601818,0.9615994480158043,2019-03-20,-0.003,0.0065,0.004,-0.0058
FOMC_0120,api,3,FOMC_0122,1.5,70,0.8040302522073698,0.3480509403064148,0.9550634853532143,2018-12-19,-0.015,-0.0061,-0.0246,0.0004
FOMC_0122,api,1,FOMC_0120,1.5,61,0.8040302522073698,0.3480509403064148,0.9550634853532143,2019-01-30,0.0158,0.0057,0.0254,-0.0051
FOMC_0122,api,2,FOMC_0115,1.5,61,0.7504787743864565,0.129973114199913,0.9260690945301207,2019-06-19,0.0023,0.0061,0.0038,-0.0046
FOMC_0122,api,3,FOMC_0118,1.5,61,0.6804138174397718,0.1527081215024262,0.910821269616036,2019-03-20,-0.003,0.0065,0.004,-0.0058
FOMC_0125,api,1,FOMC_0122,1.5,67,0.5163977794943223,0.2695298040312246,0.9694170552042047,2018-12-19,-0.015,-0.0061,-0.0246,0.0004
FOMC_0125,api,2,FOMC_0103,1.5,67,0.6324555320336758,0.11041283622303766,0.9452064719995399,2020-01-29,-0.0008,0.0054,0.0016,0.0015
FOMC_0125,api,3,FOMC_0153,1.5,67,0.9486832980505137,0.21111266394241376,0.9342713384780705,2017-02-01,0.0004,-0.003,0.0069,0.0008
FOMC_0127,api,1,FOMC_0130,1.5,58,0.4803844614152615,0.2049148590867271,0.9770678195414142,2018-06-13,-0.0032,0.003,-0.0001,-0.0016
FOMC_0127,api,2,FOMC_0135,1.5,58,0.5547001962252291,0.2035719564605564,0.9433184435706177,2018-03-21,-0.0019,0.0175,-0.0044,-0.008
FOMC_0127,api,3,FOMC_0150,1.5,58,0.6923076923076924,0.2220009291158796,0.9404401158497125,2017-03-15,0.0087,0.0187,0.0062,-0.0118
FOMC_0129,api,1,FOMC_0130,1.5,61,0.7745966692414835,0.5758589048388506,0.96790439526657,2018-06-13,-0.0032,0.003,-0.0001,-0.0016
FOMC_0129,api,2,FOMC_0132,1.5,61,0.0,0.14667930907413954,0.9648787078271969,2018-05-02,-0.0067,-0.0005,-0.0058,0.0045
FOMC_0129,api,3,FOMC_0136,1.5,61,0.14907119849998596,0.22902375835220307,0.9609895844098781,2018-01-31,0.0005,0.0067,0.0042,-0.0013
FOMC_0130,api,1,FOMC_0127,1.5,60,0.4803844614152615,0.2049148590867271,0.9770678195414142,2018-09-26,-0.003,-0.0053,0.0007,0.0004
FOMC_0130,api,2,FOMC_0129,1.5,60,0.7745966692414835,0.5758589048388506,0.96790439526657,2018-08-01,-0.0017,-0.0073,0.0038,0.0012
FOMC_0130,api,3,FOMC_0150,1.5,60,0.4803844614152615,0.1510429069123017,0.9554103909654648,2017-03-15,0.0087,0.0187,0.0062,-0.0118
FOMC_0132,api,1,FOMC_0159,1.5,64,0.0,0.11058362793654089,0.95711944703196,2016-09-21,0.0112,0.0146,0.0098,-0.0044
FOMC_0132,api,2,FOMC_0120,1.5,64,0.5222329678670935,0.13190951846538976,0.9500884663486796,2019-01-30,0.0158,0.0057,0.0254,-0.0051
FOMC_0132,api,3,FOMC_0117,1.5,64,0.7071067811865475,0.14880303259032004,0.9434561435047941,2019-05-01,-0.0075,-0.0066,-0.0032,0.0011
FOMC_0135,api,1,FOMC_0155,1.5,75,0.6804138174397717,0.17448574773482953,0.9640967895890633,2016-12-14,-0.0083,-0.0147,-0.0021,0.0096
FOMC_0135,api,2,FOMC_0146,1.5,75,0.6285393610547089,0.13464850190471112,0.9589005917178793,2017-06-14,-0.0013,-0.0055,-0.0043,-0.0008
FOMC_0135,api,3,FOMC_0138,1.5,75,0.7396002616336389,0.23350171436776315,0.9489932535443037,2017-12-13,-0.0001,0.0086,0.0019,-0.0069
FOMC_0136,api,1,FOMC_0153,1.5,44,0.2357022603955158,0.11585040073891076,0.9738262146541573,2017-02-01,0.0004,-0.003,0.0069,0.0008
FOMC_0136,api,2,FOMC_0135,1.5,44,0.5555555555555555,0.12650940192217075,0.9589467017055211,2018-03-21,-0.0019,0.0175,-0.0044,-0.008
FOMC_0136,api,3,FOMC_0157,1.5,44,0.9428090415820632,0.17569021151775052,0.958367658413789,2016-11-02,-0.006,0.0074,-0.008,-0.0036
FOMC_0138,api,1,FOMC_0135,1.5,52,0.7396002616336389,0.23350171436776315,0.9489932535443037,2018-03-21,-0.0019,0.0175,-0.0044,-0.008
FOMC_0138,api,2,FOMC_0155,1.5,52,0.9058216273156767,0.14267211648216965,0.9440719230905582,2016-12-14,-0.0083,-0.0147,-0.0021,0.0096
FOMC_0138,api,3,FOMC_0150,1.5,52,0.6923076923076924,0.16448404229301825,0.9392728566229069,2017-03-15,0.0087,0.0187,0.0062,-0.0118
FOMC_0141,api,1,FOMC_0143,1.5,55,0.3162277660168379,0.19812560533487703,0.9567054148372858,2017-09-20,0.0004,-0.008,-0.0031,0.008
FOMC_0141,api,2,FOMC_0138,1.5,55,0.39223227027636803,0.12843897441753194,0.9299699452520482,2017-12-13,-0.0001,0.0086,0.0019,-0.0069
FOMC_0141,api,3,FOMC_0136,1.5,55,0.2357022603955158,0.16842453106550484,0.8707675867298034,2018-01-31,0.0005,0.0067,0.0042,-0.0013
FOMC_0143,api,1,FOMC_0138,1.5,50,0.9922778767136676,0.23278963190013935,0.9346563060187427,2017-12-13,-0.0001,0.0086,0.0019,-0.0069
FOMC_0143,api,2,FOMC_0136,1.5,50,0.7453559924999298,0.11682749168383426,0.8973158471207334,2018-01-31,0.0005,0.0067,0.0042,-0.0013
FOMC_0143,api,3,FOMC_0146,1.5,50,0.6324555320336759,0.2385664051662169,0.8811880245624175,2017-06-14,-0.0013,-0.0055,-0.0043,-0.0008
FOMC_0145,api,1,FOMC_0153,1.5,61,0.4472135954999579,0.1309661156101894,0.9673744376692993,2017-02-01,0.0004,-0.003,0.0069,0.0008
FOMC_0145,api,2,FOMC_0146,1.5,61,0.670820393249937,0.5079134247089325,0.9649611478184239,2017-06-14,-0.0013,-0.0055,-0.0043,-0.0008
FOMC_0145,api,3,FOMC_0150,1.5,61,0.3508232077228117,0.10375100049400655,0.9404923853987202,2017-03-15,0.0087,0.0187,0.0062,-0.0118
FOMC_0146,api,1,FOMC_0150,1.5,60,0.8498365855987976,0.12044418678879149,0.9677919797779493,2017-03-15,0.0087,0.0187,0.0062,-0.0118
FOMC_0146,api,2,FOMC_0145,1.5,60,0.670820393249937,0.5079134247089325,0.9649611478184239,2017-07-26,0.0,0.0081,0.0033,-0.0057
FOMC_0146,api,3,FOMC_0155,1.5,60,0.7698003589195012,0.1525883400467197,0.9616818745212271,2016-12-14,-0.0083,-0.0147,-0.0021,0.0096
FOMC_0148,api,1,FOMC_0153,1.5,67,0.7071067811865475,0.18411154328214854,0.9596033206183066,2017-02-01,0.0004,-0.003,0.0069,0.0008
FOMC_0148,api,2,FOMC_0164,1.5,67,0.9701425001453319,0.17034109440188705,0.94458577687487,2016-04-27,0.0021,0.0029,-0.008,-0.0012
FOMC_0148,api,3,FOMC_0120,1.5,67,0.6963106238227914,0.09035526235645733,0.9246177105166744,2019-01-30,0.0158,0.0057,0.0254,-0.0051
FOMC_0150,api,1,FOMC_0155,1.5,69,0.9058216273156767,0.14331994746725005,0.9762349538185613,2016-12-14,-0.0083,-0.0147,-0.0021,0.0096
FOMC_0150,api,2,FOMC_0135,1.5,69,0.5547001962252291,0.1652858016837663,0.962252994458324,2018-03-21,-0.0019,0.0175,-0.0044,-0.008
FOMC_0150,api,3,FOMC_0157,1.5,69,0.9805806756909201,0.2630594796002115,0.9568706871815447,2016-11-02,-0.006,0.0074,-0.008,-0.0036
FOMC_0153,api,1,FOMC_0145,1.5,71,0.4472135954999579,0.1309661156101894,0.9673744376692993,2017-07-26,0.0,0.0081,0.0033,-0.0057
FOMC_0153,api,2,FOMC_0148,1.5,71,0.7071067811865475,0.18411154328214854,0.9596033206183066,2017-05-03,-0.0012,-0.014,-0.0032,0.0039
FOMC_0153,api,3,FOMC_0135,1.5,71,0.7071067811865475,0.1361626356511606,0.941099755637933,2018-03-21,-0.0019,0.0175,-0.0044,-0.008
FOMC_0155,api,1,FOMC_0150,1.5,78,0.9058216273156767,0.14331994746725005,0.9762349538185613,2017-03-15,0.0087,0.0187,0.0062,-0.0118
FOMC_0155,api,2,FOMC_0157,1.5,78,0.8660254037844387,0.1591031742585273,0.9699287551404476,2016-11-02,-0.006,0.0074,-0.008,-0.0036
FOMC_0155,api,3,FOMC_0135,1.5,78,0.6804138174397717,0.17448574773482953,0.9640967895890633,2018-03-21,-0.0019,0.0175,-0.0044,-0.008
FOMC_0157,api,1,FOMC_0159,1.5,73,0.5144957554275265,0.4564740384523352,0.9887356877002014,2016-09-21,0.0112,0.0146,0.0098,-0.0044
FOMC_0157,api,2,FOMC_0155,1.5,73,0.8660254037844387,0.1591031742585273,0.9699287551404476,2016-12-14,-0.0083,-0.0147,-0.0021,0.0096
FOMC_0157,api,3,FOMC_0136,1.5,73,0.9428090415820632,0.17569021151775052,0.958367658413789,2018-01-31,0.0005,0.0067,0.0042,-0.0013
FOMC_0159,api,1,FOMC_0157,1.5,67,0.5144957554275265,0.4564740384523352,0.9887356877002014,2016-11-02,-0.006,0.0074,-0.008,-0.0036
FOMC_0159,api,2,FOMC_0161,1.5,67,0.9411764705882352,0.30356063980980674,0.9614182843676315,2016-07-27,-0.0011,0.0161,0.0069,-0.0048
FOMC_0159,api,3,FOMC_0155,1.5,67,0.7921180343813395,0.17985796167583468,0.9596530729029467,2016-12-14,-0.0083,-0.0147,-0.0021,0.0096
FOMC_0161,api,1,FOMC_0159,1.5,61,0.9411764705882352,0.30356063980980674,0.9614182843676315,2016-09-21,0.0112,0.0146,0.0098,-0.0044
FOMC_0161,api,2,FOMC_0136,1.5,61,0.5659164584181102,0.12258139412621245,0.9311079133595617,2018-01-31,0.0005,0.0067,0.0042,-0.0013
FOMC_0161,api,3,FOMC_0150,1.5,61,0.4036036763977875,0.234013116181502,0.9257590908901312,2017-03-15,0.0087,0.0187,0.0062,-0.0118
FOMC_0162,api,1,FOMC_0132,1.5,69,0.48507125007266594,0.2459353026091757,0.9252675736558191,2018-05-02,-0.0067,-0.0005,-0.0058,0.0045
FOMC_0162,api,2,FOMC_0184,1.5,69,0.23529411764705874,0.1638717934577379,0.9247428259851068,2015-01-28,-0.0128,-0.0079,-0.0051,0.006
FOMC_0162,api,3,FOMC_0172,1.5,69,0.140028008402801,0.1257607115013247,0.9196466009564543,2015-10-28,0.0114,-0.0081,0.0083,0.0083
FOMC_0164,api,1,FOMC_0168,1.5,73,0.7378988555115865,0.17394026686794054,0.9673743107610855,2016-01-27,-0.0109,0.0037,-0.0249,-0.0008
FOMC_0164,api,2,FOMC_0167,1.5,73,0.824621125123532,0.35269571571094227,0.9462086346426906,2016-03-16,0.0058,0.0223,0.0089,-0.0108
FOMC_0164,api,3,FOMC_0148,1.5,73,0.9701425001453319,0.17034109440188705,0.94458577687487,2017-05-03,-0.0012,-0.014,-0.0032,0.0039
FOMC_0167,api,1,FOMC_0164,1.5,59,0.824621125123532,0.35269571571094227,0.9462086346426906,2016-04-27,0.0021,0.0029,-0.008,-0.0012
FOMC_0167,api,2,FOMC_0175,1.5,59,0.4314554973040049,0.25680208197303767,0.9422698103008994,2015-09-17,-0.0022,0.0103,0.0004,-0.0105
FOMC_0167,api,3,FOMC_0168,1.5,59,0.5444357229372963,0.2679195098155955,0.9412549497371685,2016-01-27,-0.0109,0.0037,-0.0249,-0.0008
FOMC_0168,api,1,FOMC_0164,1.5,39,0.7378988555115865,0.17394026686794054,0.9673743107610855,2016-04-27,0.0021,0.0029,-0.008,-0.0012
FOMC_0168,api,2,FOMC_0167,1.5,39,0.5444357229372963,0.2679195098155955,0.9412549497371685,2016-03-16,0.0058,0.0223,0.0089,-0.0108
FOMC_0168,api,3,FOMC_0183,1.5,39,0.9217648016985405,0.15011117150913023,0.9358094150689984,2015-03-18,0.012,0.0196,0.0098,-0.0198
FOMC_0170,api,1,FOMC_0172,1.5,71,0.3746343246326776,0.25273732481731687,0.9597251238336608,2015-10-28,0.0114,-0.0081,0.0083,0.0083
FOMC_0170,api,2,FOMC_0155,1.5,71,0.8609460320922786,0.205670060632721,0.9589397169990174,2016-12-14,-0.0083,-0.0147,-0.0021,0.0096
FOMC_0170,api,3,FOMC_0179,1.5,71,0.9049228966693288,0.16835415812139645,0.9461949611849375,2015-06-17,0.0016,0.0047,0.0028,-0.0088
FOMC_0172,api,1,FOMC_0170,1.5,62,0.3746343246326776,0.25273732481731687,0.9597251238336608,2015-12-16,0.0146,0.0121,0.0149,0.0
FOMC_0172,api,2,FOMC_0186,1.5,62,0.19245008972987526,0.16222294525920222,0.958452185376779,2014-12-17,0.0196,-0.0059,0.0182,0.0124
FOMC_0172,api,3,FOMC_0155,1.5,62,0.2357022603955159,0.15937514582803405,0.9319595278344068,2016-12-14,-0.0083,-0.0147,-0.0021,0.0096
FOMC_0175,api,1,FOMC_0183,1.5,73,0.8780541105074454,0.09744380367941964,0.9559776587738664,2015-03-18,0.012,0.0196,0.0098,-0.0198
FOMC_0175,api,2,FOMC_0168,1.5,73,0.9421114395319916,0.2040266242715717,0.9205506489307168,2016-01-27,-0.0109,0.0037,-0.0249,-0.0008
FOMC_0175,api,3,FOMC_0120,1.5,73,0.9217648016985406,0.3016883972751559,0.8889599772572957,2019-01-30,0.0158,0.0057,0.0254,-0.0051
FOMC_0177,api,1,FOMC_0184,1.5,75,0.34299717028501764,0.1636679342877006,0.9665054063359433,2015-01-28,-0.0128,-0.0079,-0.0051,0.006
FOMC_0177,api,2,FOMC_0164,1.5,75,0.6859943405700353,0.11876584096372007,0.9212904603008996,2016-04-27,0.0021,0.0029,-0.008,-0.0012
FOMC_0177,api,3,FOMC_0148,1.5,75,0.7071067811865475,0.1574249864409,0.9013081973138033,2017-05-03,-0.0012,-0.014,-0.0032,0.0039
FOMC_0179,api,1,FOMC_0186,1.5,79,0.5659164584181102,0.10699255524438554,0.9570076891479331,2014-12-17,0.0196,-0.0059,0.0182,0.0124
FOMC_0179,api,2,FOMC_0170,1.5,79,0.9049228966693288,0.16835415812139645,0.9461949611849375,2015-12-16,0.0146,0.0121,0.0149,0.0
FOMC_0179,api,3,FOMC_0188,1.5,79,0.7647058823529411,0.19167833092026038,0.928976443074566,2014-10-29,-0.0015,-0.0143,-0.0037,0.0075
FOMC_0180,api,1,FOMC_0183,1.5,82,0.6818181818181819,0.29800433277021104,0.930398688884907,2015-03-18,0.012,0.0196,0.0098,-0.0198
FOMC_0180,api,2,FOMC_0118,1.5,82,0.8040302522073698,0.11975450019001047,0.8818451962422653,2019-03-20,-0.003,0.0065,0.004,-0.0058
FOMC_0180,api,3,FOMC_0198,1.5,82,0.7095748751868991,0.09205985424566136,0.8718885760524631,2014-03-19,-0.0053,-0.0194,-0.0054,0.0075
FOMC_0183,api,1,FOMC_0175,1.5,82,0.8780541105074454,0.09744380367941964,0.9559776587738664,2015-09-17,-0.0022,0.0103,0.0004,-0.0105
FOMC_0183,api,2,FOMC_0168,1.5,82,0.9217648016985405,0.15011117150913023,0.9358094150689984,2016-01-27,-0.0109,0.0037,-0.0249,-0.0008
FOMC_0183,api,3,FOMC_0164,1.5,82,0.7756315349925287,0.10466743182915286,0.9337785904097192,2016-04-27,0.0021,0.0029,-0.008,-0.0012
FOMC_0184,api,1,FOMC_0186,1.5,85,0.6467616667635546,0.24003833710131603,0.9748926901716481,2014-12-17,0.0196,-0.0059,0.0182,0.0124
FOMC_0184,api,2,FOMC_0177,1.5,85,0.34299717028501764,0.1636679342877006,0.9665054063359433,2015-07-29,0.0069,0.0014,0.0038,0.0055
FOMC_0184,api,3,FOMC_0188,1.5,85,0.7058823529411764,0.1601990317356681,0.9409130419955005,2014-10-29,-0.0015,-0.0143,-0.0037,0.0075
FOMC_0186,api,1,FOMC_0184,1.5,81,0.6467616667635546,0.24003833710131603,0.9748926901716481,2015-01-28,-0.0128,-0.0079,-0.0051,0.006
FOMC_0186,api,2,FOMC_0179,1.5,81,0.5659164584181102,0.10699255524438554,0.9570076891479331,2015-06-17,0.0016,0.0047,0.0028,-0.0088
FOMC_0186,api,3,FOMC_0188,1.5,81,0.8892972917998875,0.17819046710591216,0.9464985143590644,2014-10-29,-0.0015,-0.0143,-0.0037,0.0075
FOMC_0188,api,1,FOMC_0186,1.5,71,0.8892972917998875,0.17819046710591216,0.9464985143590644,2014-12-17,0.0196,-0.0059,0.0182,0.0124
FOMC_0188,api,2,FOMC_0184,1.5,71,0.7058823529411764,0.1601990317356681,0.9409130419955005,2015-01-28,-0.0128,-0.0079,-0.0051,0.006
FOMC_0188,api,3,FOMC_0179,1.5,71,0.7647058823529411,0.19167833092026038,0.928976443074566,2015-06-17,0.0016,0.0047,0.0028,-0.0088
FOMC_0191,api,1,FOMC_0198,1.5,67,0.0,0.15947296647944179,0.9465115494823175,2014-03-19,-0.0053,-0.0194,-0.0054,0.0075
FOMC_0191,api,2,FOMC_0213,1.5,67,0.3086066999241838,0.18962684699481508,0.9225482797395621,2013-06-19,-0.0138,-0.0117,-0.0112,0.0091
FOMC_0191,api,3,FOMC_0214,1.5,67,0.0,0.1774422026642584,0.9172764747190375,2013-05-01,-0.0088,-0.0116,-0.0047,-0.0009
FOMC_0192,api,1,FOMC_0206,1.5,68,0.2357022603955158,0.13364356616314121,0.9166730504205727,2013-10-30,-0.005,-0.0013,-0.001,0.0019
FOMC_0192,api,2,FOMC_0172,1.5,68,0.408248290463863,0.155297033453304,0.8654772761361577,2015-10-28,0.0114,-0.0081,0.0083,0.0083
FOMC_0192,api,3,FOMC_0145,1.5,68,0.22360679774997896,0.0861569392640024,0.8335114176997663,2017-07-26,0.0,0.0081,0.0033,-0.0057
FOMC_0194,api,1,FOMC_0201,1.5,63,0.7071067811865475,0.6901959509152898,0.97459769393011,2014-01-29,-0.0096,0.0126,-0.0108,0.0
FOMC_0194,api,2,FOMC_0213,1.5,63,0.7715167498104595,0.14729231661723685,0.927624463707256,2013-06-19,-0.0138,-0.0117,-0.0112,0.0091
FOMC_0194,api,3,FOMC_0188,1.5,63,0.5144957554275265,0.11076725781258948,0.9123789291840121,2014-10-29,-0.0015,-0.0143,-0.0037,0.0075
FOMC_0196,api,1,FOMC_0198,1.5,62,0.5547001962252291,0.5054651813156165,0.9760429351799574,2014-03-19,-0.0053,-0.0194,-0.0054,0.0075
FOMC_0196,api,2,FOMC_0206,1.5,62,0.6666666666666666,0.20211266627677618,0.941949997628251,2013-10-30,-0.005,-0.0013,-0.001,0.0019
FOMC_0196,api,3,FOMC_0217,1.5,62,0.6666666666666666,0.17845648839922354,0.9184633523188235,2013-03-20,0.007,-0.0045,0.0071,-0.0022
FOMC_0198,api,1,FOMC_0203,1.5,74,0.8561726894780893,0.20454772152474696,0.9467786657918619,2013-12-18,0.0171,-0.0088,0.0117,0.0042
FOMC_0198,api,2,FOMC_0209,1.5,74,0.7687061147858074,0.1148680623602739,0.9206130057194651,2013-09-18,0.0116,0.0436,0.0121,-0.0114
FOMC_0198,api,3,FOMC_0214,1.5,74,0.8320502943378437,0.1787372412851131,0.9077921041481124,2013-05-01,-0.0088,-0.0116,-0.0047,-0.0009
FOMC_0201,api,1,FOMC_0194,1.5,72,0.7071067811865475,0.6901959509152898,0.97459769393011,2014-06-18,0.0073,0.0032,0.0056,-0.0032
FOMC_0201,api,2,FOMC_0191,1.5,72,0.0,0.27523403599280866,0.9591627286299964,2014-09-17,0.0013,-0.0109,0.0015,0.0063
FOMC_0201,api,3,FOMC_0192,1.5,72,0.0,0.41526324029826245,0.9501967829584959,2014-07-30,0.0002,-0.003,0.0039,0.0023
FOMC_0203,api,1,FOMC_0196,1.5,62,0.5144957554275265,0.29912432664778904,0.9628344026783994,2014-04-30,0.003,-0.0051,0.0026,-0.0028
FOMC_0203,api,2,FOMC_0209,1.5,62,0.6581451817144175,0.13351924617632555,0.9582076519339678,2013-09-18,0.0116,0.0436,0.0121,-0.0114
FOMC_0203,api,3,FOMC_0198,1.5,62,0.8561726894780893,0.20454772152474696,0.9467786657918619,2014-03-19,-0.0053,-0.0194,-0.0054,0.0075
FOMC_0206,api,1,FOMC_0209,1.5,76,0.7106690545187014,0.5481393082954973,0.9833401743133983,2013-09-18,0.0116,0.0436,0.0121,-0.0114
FOMC_0206,api,2,FOMC_0196,1.5,76,0.6666666666666666,0.20211266627677618,0.941949997628251,2014-04-30,0.003,-0.0051,0.0026,-0.0028
FOMC_0206,api,3,FOMC_0219,1.5,76,0.9428090415820632,0.09268731285568661,0.9196761348130635,2013-01-30,-0.0039,0.0075,-0.0021,-0.0041
FOMC_0209,api,1,FOMC_0206,1.5,76,0.7106690545187014,0.5481393082954973,0.9833401743133983,2013-10-30,-0.005,-0.0013,-0.001,0.0019
FOMC_0209,api,2,FOMC_0203,1.5,76,0.6581451817144175,0.13351924617632555,0.9582076519339678,2013-12-18,0.0171,-0.0088,0.0117,0.0042
FOMC_0209,api,3,FOMC_0221,1.5,76,0.7833494518006403,0.10357688165143847,0.9322171388565874,2012-12-12,0.0005,0.0007,-0.0021,-0.0018
FOMC_0211,api,1,FOMC_0206,1.5,72,0.5345224838248488,0.3409744342065853,0.9481754163392669,2013-10-30,-0.005,-0.0013,-0.001,0.0019
FOMC_0211,api,2,FOMC_0219,1.5,72,0.5669467095138409,0.1237979451495363,0.9407742026645605,2013-01-30,-0.0039,0.0075,-0.0021,-0.0041
FOMC_0211,api,3,FOMC_0224,1.5,72,0.5111012519999519,0.08889803738092801,0.9324664796223813,2012-09-13,0.0152,0.0202,0.0136,-0.0064
FOMC_0213,api,1,FOMC_0211,1.5,73,-2.7746927558460947e-17,0.09991557393095227,0.9753465714721925,2013-07-31,0.0007,-0.0012,0.0019,-0.0027
FOMC_0213,api,2,FOMC_0201,1.5,73,0.6546536707079772,0.1906561584916372,0.9286734767321484,2014-01-29,-0.0096,0.0126,-0.0108,0.0
FOMC_0213,api,3,FOMC_0194,1.5,73,0.7715167498104595,0.14729231661723685,0.927624463707256,2014-06-18,0.0073,0.0032,0.0056,-0.0032
FOMC_0214,api,1,FOMC_0209,1.5,54,0.6396021490668313,0.22713115167866502,0.9634139691492627,2013-09-18,0.0116,0.0436,0.0121,-0.0114
FOMC_0214,api,2,FOMC_0221,1.5,54,0.6804138174397717,0.14542496722768644,0.9579310546196502,2012-12-12,0.0005,0.0007,-0.0021,-0.0018
FOMC_0214,api,3,FOMC_0224,1.5,54,0.5976143046671968,0.16293023202416515,0.9463135441978112,2012-09-13,0.0152,0.0202,0.0136,-0.0064
FOMC_0217,api,1,FOMC_0222,1.5,61,0.4714045207910316,0.1526253471360349,0.948909740659609,2012-10-24,-0.0028,-0.0034,-0.0035,0.0
FOMC_0217,api,2,FOMC_0203,1.5,61,0.6859943405700353,0.163616120089834,0.9248025145484114,2013-12-18,0.0171,-0.0088,0.0117,0.0042
FOMC_0217,api,3,FOMC_0196,1.5,61,0.6666666666666666,0.17845648839922354,0.9184633523188235,2014-04-30,0.003,-0.0051,0.0026,-0.0028
FOMC_0219,api,1,FOMC_0222,1.5,50,0.4999999999999999,0.25749466527003195,0.9558672063551832,2012-10-24,-0.0028,-0.0034,-0.0035,0.0
FOMC_0219,api,2,FOMC_0211,1.5,50,0.5669467095138409,0.1237979451495363,0.9407742026645605,2013-07-31,0.0007,-0.0012,0.0019,-0.0027
FOMC_0219,api,3,FOMC_0209,1.5,50,0.753778361444409,0.13319518357735763,0.9237038509879478,2013-09-18,0.0116,0.0436,0.0121,-0.0114
FOMC_0221,api,1,FOMC_0219,1.5,46,0.38490017945975047,0.30423468549683746,0.9650716864952211,2013-01-30,-0.0039,0.0075,-0.0021,-0.0041
FOMC_0221,api,2,FOMC_0214,1.5,46,0.6804138174397717,0.14542496722768644,0.9579310546196502,2013-05-01,-0.0088,-0.0116,-0.0047,-0.0009
FOMC_0221,api,3,FOMC_0224,1.5,46,0.9271050693011065,0.26861517330375445,0.9564466738109354,2012-09-13,0.0152,0.0202,0.0136,-0.0064
FOMC_0222,api,1,FOMC_0219,1.5,59,0.4999999999999999,0.25749466527003195,0.9558672063551832,2013-01-30,-0.0039,0.0075,-0.0021,-0.0041
FOMC_0222,api,2,FOMC_0217,1.5,59,0.4714045207910316,0.1526253471360349,0.948909740659609,2013-03-20,0.007,-0.0045,0.0071,-0.0022
FOMC_0222,api,3,FOMC_0231,1.5,59,0.801783725737273,0.3436985919195842,0.8998998325547263,2012-04-25,0.0137,0.002,0.0265,-0.0023
FOMC_0224,api,1,FOMC_0221,1.5,53,0.9271050693011065,0.26861517330375445,0.9564466738109354,2012-12-12,0.0005,0.0007,-0.0021,-0.0018
FOMC_0224,api,2,FOMC_0214,1.5,53,0.5976143046671968,0.16293023202416515,0.9463135441978112,2013-05-01,-0.0088,-0.0116,-0.0047,-0.0009
FOMC_0224,api,3,FOMC_0209,1.5,53,0.8409178658720821,0.11215722402710318,0.9171503729132883,2013-09-18,0.0116,0.0436,0.0121,-0.0114
FOMC_0226,api,1,FOMC_0234,1.5,40,0.7656414934887764,0.13453955570719142,0.9525371873139306,2012-01-25,0.0084,0.0272,0.0126,-0.0045
FOMC_0226,api,2,FOMC_0229,1.5,40,0.8413341412630905,0.20050506956205452,0.9360564194225773,2012-06-20,-0.0016,-0.0076,0.0008,0.0013
FOMC_0226,api,3,FOMC_0232,1.5,40,0.7058823529411764,0.15563154449995403,0.9355270493978469,2012-03-13,0.018,-0.0168,0.0185,0.0031
FOMC_0229,api,1,FOMC_0234,1.5,37,0.7119666788018508,0.10083365895932198,0.9445752596518835,2012-01-25,0.0084,0.0272,0.0126,-0.0045
FOMC_0229,api,2,FOMC_0226,1.5,37,0.8413341412630905,0.20050506956205452,0.9360564194225773,2012-08-01,-0.0009,-0.0086,-0.0029,0.007
FOMC_0229,api,3,FOMC_0232,1.5,37,0.8413341412630905,0.10366665485393839,0.9291962418645926,2012-03-13,0.018,-0.0168,0.0185,0.0031
FOMC_0231,api,1,FOMC_0232,1.5,50,0.6416889479197478,0.4604756514531626,0.9850589960375908,2012-03-13,0.018,-0.0168,0.0185,0.0031
FOMC_0231,api,2,FOMC_0226,1.5,50,0.45834924851410563,0.1877976953537264,0.941939742364949,2012-08-01,-0.0009,-0.0086,-0.0029,0.007
FOMC_0231,api,3,FOMC_0222,1.5,50,0.801783725737273,0.3436985919195842,0.8998998325547263,2012-10-24,-0.0028,-0.0034,-0.0035,0.0
FOMC_0232,api,1,FOMC_0231,1.5,50,0.6416889479197478,0.4604756514531626,0.9850589960375908,2012-04-25,0.0137,0.002,0.0265,-0.0023
FOMC_0232,api,2,FOMC_0226,1.5,50,0.7058823529411764,0.15563154449995403,0.9355270493978469,2012-08-01,-0.0009,-0.0086,-0.0029,0.007
FOMC_0232,api,3,FOMC_0229,1.5,50,0.8413341412630905,0.10366665485393839,0.9291962418645926,2012-06-20,-0.0016,-0.0076,0.0008,0.0013
FOMC_0234,api,1,FOMC_0226,1.5,49,0.7656414934887764,0.13453955570719142,0.9525371873139306,2012-08-01,-0.0009,-0.0086,-0.0029,0.007
FOMC_0234,api,2,FOMC_0229,1.5,49,0.7119666788018508,0.10083365895932198,0.9445752596518835,2012-06-20,-0.0016,-0.0076,0.0008,0.0013
FOMC_0234,api,3,FOMC_0221,1.5,49,0.6064784348631227,0.1437528402929479,0.8805540121964379,2012-12-12,0.0005,0.0007,-0.0021,-0.0018
FOMC_0237,api,1,FOMC_0234,1.5,47,0.3713906763541037,0.3959838191297999,0.9680487697177558,2012-01-25,0.0084,0.0272,0.0126,-0.0045
FOMC_0237,api,2,FOMC_0240,1.5,47,0.6666666666666666,0.4015063398376198,0.9411822807837715,2011-11-02,0.0163,0.01,0.0084,-0.0023
FOMC_0237,api,3,FOMC_0242,1.5,47,0.2703690352179376,0.3704525765108096,0.9127471000288895,2011-09-21,-0.0295,-0.0125,-0.0175,0.0078
FOMC_0240,api,1,FOMC_0237,1.5,20,0.6666666666666666,0.4015063398376198,0.9411822807837715,2011-12-13,-0.0093,-0.0219,-0.011,0.0098
FOMC_0240,api,2,FOMC_0242,1.5,20,0.48666426339228763,0.34933585013889873,0.9183458585861279,2011-09-21,-0.0295,-0.0125,-0.0175,0.0078
FOMC_0240,api,3,FOMC_0244,1.5,20,0.5962847939999439,0.1838766129041524,0.9037225447985267,2011-08-09,0.0465,0.0089,0.0483,-0.0085
FOMC_0242,api,1,FOMC_0240,1.5,8,0.48666426339228763,0.34933585013889873,0.9183458585861279,2011-11-02,0.0163,0.01,0.0084,-0.0023
FOMC_0242,api,2,FOMC_0237,1.5,8,0.2703690352179376,0.3704525765108096,0.9127471000288895,2011-12-13,-0.0093,-0.0219,-0.011,0.0098
FOMC_0242,api,3,FOMC_0244,1.5,8,0.8222064167913465,0.14540663422909045,0.8631943338638722,2011-08-09,0.0465,0.0089,0.0483,-0.0085
FOMC_0244,api,1,FOMC_0240,1.5,12,0.5962847939999439,0.1838766129041524,0.9037225447985267,2011-11-02,0.0163,0.01,0.0084,-0.0023
FOMC_0244,api,2,FOMC_0237,1.5,12,0.09938079899999068,0.17712474594784897,0.8915695679848927,2011-12-13,-0.0093,-0.0219,-0.011,0.0098
FOMC_0244,api,3,FOMC_0264,1.5,12,0.5085133809309826,0.11931182345424378,0.8752966216117644,2010-06-23,-0.0031,-0.0041,-0.0039,-0.004
FOMC_0247,api,1,FOMC_0253,1.5,36,0.5,0.14769867874022446,0.8964234209466201,2011-01-26,0.0039,0.0081,0.0053,-0.0018
FOMC_0247,api,2,FOMC_0250,1.5,36,0.6859943405700354,0.22386221793178318,0.8931814516502478,2011-03-15,-0.0115,-0.0187,-0.0143,0.0009
FOMC_0247,api,3,FOMC_0264,1.5,36,0.4522670168666455,0.16295414032940578,0.878818758975725,2010-06-23,-0.0031,-0.0041,-0.0039,-0.004
FOMC_0249,api,1,FOMC_0250,1.5,35,0.8677218312746247,0.42854827048499017,0.9812578506713459,2011-03-15,-0.0115,-0.0187,-0.0143,0.0009
FOMC_0249,api,2,FOMC_0253,1.5,35,0.9486832980505137,0.2922056379063236,0.942178728832435,2011-01-26,0.0039,0.0081,0.0053,-0.0018
FOMC_0249,api,3,FOMC_0247,1.5,35,0.31622776601683794,0.2418122405679242,0.9101674177054553,2011-06-22,-0.006,0.0015,-0.0071,0.0038
FOMC_0250,api,1,FOMC_0249,1.5,41,0.8677218312746247,0.42854827048499017,0.9812578506713459,2011-04-27,0.0065,0.0193,0.0067,-0.0066
FOMC_0250,api,2,FOMC_0253,1.5,41,0.8574929257125441,0.3077507658584969,0.9452445576194053,2011-01-26,0.0039,0.0081,0.0053,-0.0018
FOMC_0250,api,3,FOMC_0247,1.5,41,0.6859943405700354,0.22386221793178318,0.8931814516502478,2011-06-22,-0.006,0.0015,-0.0071,0.0038
FOMC_0253,api,1,FOMC_0250,1.5,34,0.8574929257125441,0.3077507658584969,0.9452445576194053,2011-03-15,-0.0115,-0.0187,-0.0143,0.0009
FOMC_0253,api,2,FOMC_0249,1.5,34,0.9486832980505137,0.2922056379063236,0.942178728832435,2011-04-27,0.0065,0.0193,0.0067,-0.0066
FOMC_0253,api,3,FOMC_0247,1.5,34,0.5,0.14769867874022446,0.8964234209466201,2011-06-22,-0.006,0.0015,-0.0071,0.0038
FOMC_0255,api,1,FOMC_0257,1.5,33,0.408248290463863,0.17336775140735267,0.9523921924557706,2010-11-03,0.004,-0.0069,0.0046,-0.0049
FOMC_0255,api,2,FOMC_0262,1.5,33,0.3244428422615251,0.3225348143925048,0.8806289235661501,2010-08-10,-0.0054,0.0028,-0.0085,0.0021
FOMC_0255,api,3,FOMC_0247,1.5,33,0.0,0.18105007882020896,0.8780104654772902,2011-06-22,-0.006,0.0015,-0.0071,0.0038
FOMC_0257,api,1,FOMC_0255,1.5,32,0.408248290463863,0.17336775140735267,0.9523921924557706,2010-12-14,0.0009,0.001,0.0017,0.0017
FOMC_0257,api,2,FOMC_0262,1.5,32,0.9492481892299481,0.20948113069915955,0.9072389134586607,2010-08-10,-0.0054,0.0028,-0.0085,0.0021
FOMC_0257,api,3,FOMC_0247,1.5,32,0.5773502691896258,0.12841556743980798,0.8510110455363898,2011-06-22,-0.006,0.0015,-0.0071,0.0038
FOMC_0260,api,1,FOMC_0262,1.5,36,0.7530940414109725,0.08212590637920403,0.9685186892679908,2010-08-10,-0.0054,0.0028,-0.0085,0.0021
FOMC_0260,api,2,FOMC_0264,1.5,36,0.554265307725427,0.20691172382469356,0.9323131451474456,2010-06-23,-0.0031,-0.0041,-0.0039,-0.004
FOMC_0260,api,3,FOMC_0257,1.5,36,0.8844477175087206,0.06471921053854368,0.8991642844517005,2010-11-03,0.004,-0.0069,0.0046,-0.0049
FOMC_0262,api,1,FOMC_0264,1.5,36,0.5533715710928597,0.33414032842585767,0.9239649939259471,2010-06-23,-0.0031,-0.0041,-0.0039,-0.004
FOMC_0262,api,2,FOMC_0257,1.5,36,0.9492481892299481,0.20948113069915955,0.9072389134586607,2010-11-03,0.004,-0.0069,0.0046,-0.0049
FOMC_0262,api,3,FOMC_0247,1.5,36,0.8029550685469663,0.1290830381992806,0.8677219470227032,2011-06-22,-0.006,0.0015,-0.0071,0.0038
FOMC_0264,api,1,FOMC_0260,1.5,34,0.554265307725427,0.20691172382469356,0.9323131451474456,2010-09-21,-0.002,0.0091,-0.0002,-0.011
FOMC_0264,api,2,FOMC_0262,1.5,34,0.5533715710928597,0.33414032842585767,0.9239649939259471,2010-08-10,-0.0054,0.0028,-0.0085,0.0021
FOMC_0264,api,3,FOMC_0247,1.5,34,0.4522670168666455,0.16295414032940578,0.878818758975725,2011-06-22,-0.006,0.0015,-0.0071,0.0038
FOMC_0266,api,1,FOMC_0310,1.5,127,0.6933752452815365,0.1481118642170947,0.6594905159016502,2008-03-10,-0.0132,-0.0023,-0.0191,-0.0031
FOMC_0266,api,2,FOMC_0327,1.5,127,0.5852057359806528,0.13887940025438256,0.4894900733839871,2007-08-10,-0.0047,0.017,-0.0091,0.0008
FOMC_0266,api,3,FOMC_0109,1.5,127,1.0,0.2034889139896588,0.3892196851859236,2019-10-04,0.0104,-0.0055,0.0129,-0.0037
FOMC_0268,api,1,FOMC_0270,1.5,27,1.7796192843178415e-17,0.32599240118871153,0.9675114997344898,2010-03-16,0.008,0.0188,0.0064,-0.0072
FOMC_0268,api,2,FOMC_0272,1.5,27,0.816496580927726,0.4221810758406288,0.9169853272645141,2010-01-27,0.0048,-0.0096,0.0079,0.0035
FOMC_0268,api,3,FOMC_0274,1.5,27,0.980196058819607,0.35159771086903374,0.880366762633515,2009-12-15,-0.0046,-0.0003,-0.0056,0.0071
FOMC_0270,api,1,FOMC_0268,1.5,28,1.7796192843178415e-17,0.32599240118871153,0.9675114997344898,2010-04-28,0.0076,-0.0028,0.0006,-0.0004
FOMC_0270,api,2,FOMC_0272,1.5,28,0.4999999999999999,0.42034843010670486,0.9486029717126454,2010-01-27,0.0048,-0.0096,0.0079,0.0035
FOMC_0270,api,3,FOMC_0274,1.5,28,0.17149858514250882,0.33672739898303244,0.9144696966086865,2009-12-15,-0.0046,-0.0003,-0.0056,0.0071
FOMC_0272,api,1,FOMC_0270,1.5,30,0.4999999999999999,0.42034843010670486,0.9486029717126454,2010-03-16,0.008,0.0188,0.0064,-0.0072
FOMC_0272,api,2,FOMC_0274,1.5,30,0.8574929257125441,0.41746433415873696,0.9411712732603923,2009-12-15,-0.0046,-0.0003,-0.0056,0.0071
FOMC_0272,api,3,FOMC_0268,1.5,30,0.816496580927726,0.4221810758406288,0.9169853272645141,2010-04-28,0.0076,-0.0028,0.0006,-0.0004
FOMC_0274,api,1,FOMC_0272,1.5,30,0.8574929257125441,0.41746433415873696,0.9411712732603923,2010-01-27,0.0048,-0.0096,0.0079,0.0035
FOMC_0274,api,2,FOMC_0270,1.5,30,0.17149858514250882,0.33672739898303244,0.9144696966086865,2010-03-16,0.008,0.0188,0.0064,-0.0072
FOMC_0274,api,3,FOMC_0276,1.5,30,0.7276068751089989,0.4424034287340937,0.9087608664822614,2009-11-04,0.0026,0.006,0.0017,-0.0075
FOMC_0276,api,1,FOMC_0280,1.5,27,0.7071067811865475,0.4278057216835311,0.939759537112029,2009-08-11,-0.0125,-0.0015,-0.0086,0.0008
FOMC_0276,api,2,FOMC_0274,1.5,27,0.7276068751089989,0.4424034287340937,0.9087608664822614,2009-12-15,-0.0046,-0.0003,-0.0056,0.0071
FOMC_0276,api,3,FOMC_0270,1.5,27,0.7071067811865475,0.2567610137119632,0.8989232287291444,2010-03-16,0.008,0.0188,0.0064,-0.0072
FOMC_0277,api,1,FOMC_0282,1.5,34,0.420084025208403,0.45463451268831684,0.9379095422291267,2009-06-24,0.0086,0.0058,0.0166,0.0059
FOMC_0277,api,2,FOMC_0255,1.5,34,0.48507125007266594,0.1042453337582761,0.8188814621204706,2010-12-14,0.0009,0.001,0.0017,0.0017
FOMC_0277,api,3,FOMC_0264,1.5,34,0.9824666109905364,0.1306695072833727,0.8178477000570312,2010-06-23,-0.0031,-0.0041,-0.0039,-0.004
FOMC_0280,api,1,FOMC_0277,1.5,29,0.17149858514250882,0.22837028732243062,0.957788262055757,2009-09-22,0.0058,0.0133,0.0019,-0.0105
FOMC_0280,api,2,FOMC_0276,1.5,29,0.7071067811865475,0.4278057216835311,0.939759537112029,2009-11-04,0.0026,0.006,0.0017,-0.0075
FOMC_0280,api,3,FOMC_0274,1.5,29,0.8574929257125441,0.3159740732738728,0.8866238374080954,2009-12-15,-0.0046,-0.0003,-0.0056,0.0071
FOMC_0282,api,1,FOMC_0280,1.5,23,-1.7796192843178415e-17,0.38287626215566267,0.9651703716461096,2009-08-11,-0.0125,-0.0015,-0.0086,0.0008
FOMC_0282,api,2,FOMC_0277,1.5,23,0.420084025208403,0.45463451268831684,0.9379095422291267,2009-09-22,0.0058,0.0133,0.0019,-0.0105
FOMC_0282,api,3,FOMC_0270,1.5,23,-0.408248290463863,0.22875662388174414,0.876999077725565,2010-03-16,0.008,0.0188,0.0064,-0.0072
FOMC_0285,api,1,FOMC_0282,2.2,8,0.7745966692414835,0.2866183680121688,0.9666885261180271,2009-06-24,0.0086,0.0058,0.0166,0.0059
FOMC_0285,api,2,FOMC_0287,2.2,8,0.6459422414661737,0.3490925016806901,0.9200587656531369,2009-03-17,0.0306,-0.0084,0.0377,-0.0015
FOMC_0285,api,3,FOMC_0290,2.2,8,0.4338609156373123,0.1420529441376496,0.8815849252574235,2009-01-28,0.0338,-0.0109,0.0353,0.0035
FOMC_0287,api,1,FOMC_0285,2.9000000000000004,14,0.6459422414661737,0.3490925016806901,0.9200587656531369,2009-04-29,0.0213,0.0066,0.0138,-0.0071
FOMC_0287,api,2,FOMC_0282,2.9000000000000004,14,0.4548588261473421,0.2265199214867936,0.906240872010388,2009-06-24,0.0086,0.0058,0.0166,0.0059
FOMC_0287,api,3,FOMC_0290,2.9000000000000004,14,0.5095438042387855,0.16633998237996828,0.8904020612229859,2009-01-28,0.0338,-0.0109,0.0353,0.0035
FOMC_0290,api,1,FOMC_0293,2.5500000000000003,8,0.6356160452261518,0.14376575325545257,0.9148241191785426,2008-12-16,0.0471,0.0225,0.0482,-0.0241
FOMC_0290,api,2,FOMC_0287,2.5500000000000003,8,0.5095438042387855,0.16633998237996828,0.8904020612229859,2009-03-17,0.0306,-0.0084,0.0377,-0.0015
FOMC_0290,api,3,FOMC_0285,2.5500000000000003,8,0.4338609156373123,0.1420529441376496,0.8815849252574235,2009-04-29,0.0213,0.0066,0.0138,-0.0071
FOMC_0293,api,1,FOMC_0290,3.2500000000000004,9,0.6356160452261518,0.14376575325545257,0.9148241191785426,2009-01-28,0.0338,-0.0109,0.0353,0.0035
FOMC_0293,api,2,FOMC_0287,3.2500000000000004,9,0.9772904519693316,0.13330678072788513,0.8617794140373278,2009-03-17,0.0306,-0.0084,0.0377,-0.0015
FOMC_0293,api,3,FOMC_0285,3.2500000000000004,9,0.609449400220044,0.1488803472431505,0.857830678301726,2009-04-29,0.0213,0.0066,0.0138,-0.0071
FOMC_0295,api,1,FOMC_0430,3.9500000000000006,10,0.9021342216356466,0.07461479106004335,0.8157243065422545,2001-09-17,-0.0522,,-0.0852,
FOMC_0295,api,2,FOMC_0293,3.9500000000000006,10,0.8840179540180192,0.08408313572941395,0.8072220931707663,2008-12-16,0.0471,0.0225,0.0482,-0.0241
FOMC_0295,api,3,FOMC_0296,3.9500000000000006,10,0.9870072699305106,0.1375716970961778,0.8045907005295836,2008-10-07,-0.0448,0.0355,-0.0634,-0.0068
FOMC_0296,api,1,FOMC_0295,2.2,10,0.9870072699305106,0.1375716970961778,0.8045907005295836,2008-10-29,-0.0073,0.0028,-0.0025,-0.0162
FOMC_0296,api,2,FOMC_0430,2.2,10,0.9012168334102053,0.11309250836446723,0.6950614857128724,2001-09-17,-0.0522,,-0.0852,
FOMC_0296,api,3,FOMC_0293,2.2,10,0.8956549571111647,0.09073117646964902,0.6892565814373818,2008-12-16,0.0471,0.0225,0.0482,-0.0241
FOMC_0300,api,1,FOMC_0309,1.5,27,0.6888888888888888,0.2446004944068715,0.8663337238802356,2008-03-18,0.0415,-0.0269,0.0446,0.0117
FOMC_0300,api,2,FOMC_0317,1.5,27,0.9016696346674322,0.10776242806563735,0.8516783710059602,2007-12-11,-0.0274,-0.0145,-0.0233,-0.0021
FOMC_0300,api,3,FOMC_0234,1.5,27,0.7504787743864564,0.10987698708014121,0.8350594658751347,2012-01-25,0.0084,0.0272,0.0126,-0.0045
FOMC_0302,api,1,FOMC_0304,1.5,54,0.7444375004781978,0.42843640820426404,0.9758946381973435,2008-06-25,0.0047,-0.0006,0.0163,-0.0048
FOMC_0302,api,2,FOMC_0307,1.5,54,0.881917103688197,0.18160680596693432,0.8773243424867601,2008-04-30,-0.0059,0.0098,-0.0082,-0.007
FOMC_0302,api,3,FOMC_0231,1.5,54,0.7071067811865475,0.08606065115973198,0.8100584934104071,2012-04-25,0.0137,0.002,0.0265,-0.0023
FOMC_0304,api,1,FOMC_0302,1.5,63,0.7444375004781978,0.42843640820426404,0.9758946381973435,2008-08-08,0.0186,-0.0193,0.0228,0.016
FOMC_0304,api,2,FOMC_0307,1.5,63,0.6127633533453719,0.3102963899769582,0.8978083248080526,2008-04-30,-0.0059,0.0098,-0.0082,-0.007
FOMC_0304,api,3,FOMC_0129,1.5,63,0.33218191941495984,0.09943308856049815,0.8357301238220041,2018-08-01,-0.0017,-0.0073,0.0038,0.0012
FOMC_0307,api,1,FOMC_0321,1.5,57,0.8743856497851877,0.24324401684346308,0.9063753467242623,2007-10-31,0.0104,0.0164,0.0141,-0.0046
FOMC_0307,api,2,FOMC_0304,1.5,57,0.6127633533453719,0.3102963899769582,0.8978083248080526,2008-06-25,0.0047,-0.0006,0.0163,-0.0048
FOMC_0307,api,3,FOMC_0302,1.5,57,0.881917103688197,0.18160680596693432,0.8773243424867601,2008-08-08,0.0186,-0.0193,0.0228,0.016
FOMC_0309,api,1,FOMC_0313,1.5,37,0.8681736520973661,0.20327302622954427,0.9382980292860978,2008-01-30,-0.0074,0.01,-0.0009,-0.006
FOMC_0309,api,2,FOMC_0314,1.5,37,0.7599999999999999,0.2175769264792456,0.9326239700922261,2008-01-21,-0.0101,0.0086,-0.0259,0.0017
FOMC_0309,api,3,FOMC_0317,1.5,37,0.8475694565873862,0.11252546157276003,0.9296674615001557,2007-12-11,-0.0274,-0.0145,-0.0233,-0.0021
FOMC_0310,api,1,FOMC_0266,1.5,26,0.6933752452815365,0.1481118642170947,0.6594905159016502,2010-05-09,0.044,-0.0059,0.052,-0.0024
FOMC_0310,api,2,FOMC_0313,1.5,26,0.5381382351970501,0.3980966581920799,0.40136300329336605,2008-01-30,-0.0074,0.01,-0.0009,-0.006
FOMC_0310,api,3,FOMC_0309,1.5,26,0.5124100921762788,0.21510994466232713,0.3898850087565917,2008-03-18,0.0415,-0.0269,0.0446,0.0117
FOMC_0313,api,1,FOMC_0314,1.5,41,0.8681736520973661,0.30972249172645416,0.9514124458915827,2008-01-21,-0.0101,0.0086,-0.0259,0.0017
FOMC_0313,api,2,FOMC_0309,1.5,41,0.8681736520973661,0.20327302622954427,0.9382980292860978,2008-03-18,0.0415,-0.0269,0.0446,0.0117
FOMC_0313,api,3,FOMC_0323,1.5,41,0.9571426248774518,0.20071296064068422,0.9151100692546528,2007-09-18,0.0294,0.0103,0.0253,-0.0033
FOMC_0314,api,1,FOMC_0313,1.5,82,0.8681736520973661,0.30972249172645416,0.9514124458915827,2008-01-30,-0.0074,0.01,-0.0009,-0.006
FOMC_0314,api,2,FOMC_0309,1.5,82,0.7599999999999999,0.2175769264792456,0.9326239700922261,2008-03-18,0.0415,-0.0269,0.0446,0.0117
FOMC_0314,api,3,FOMC_0317,1.5,82,0.8475694565873862,0.1919960902571658,0.9115241182059169,2007-12-11,-0.0274,-0.0145,-0.0233,-0.0021
FOMC_0317,api,1,FOMC_0323,1.5,75,0.9138599553907849,0.2763618749293966,0.9421327728067638,2007-09-18,0.0294,0.0103,0.0253,-0.0033
FOMC_0317,api,2,FOMC_0309,1.5,75,0.8475694565873862,0.11252546157276003,0.9296674615001557,2008-03-18,0.0415,-0.0269,0.0446,0.0117
FOMC_0317,api,3,FOMC_0314,1.5,75,0.8475694565873862,0.1919960902571658,0.9115241182059169,2008-01-21,-0.0101,0.0086,-0.0259,0.0017
FOMC_0321,api,1,FOMC_0307,1.5,44,0.8743856497851877,0.24324401684346308,0.9063753467242623,2008-04-30,-0.0059,0.0098,-0.0082,-0.007
FOMC_0321,api,2,FOMC_0347,1.5,44,0.8468097984399411,0.07578218500090424,0.8496946290483273,2006-06-29,0.0202,0.0344,0.0306,
FOMC_0321,api,3,FOMC_0304,1.5,44,0.5673086289311755,0.08355413048349168,0.830645515294294,2008-06-25,0.0047,-0.0006,0.0163,-0.0048
FOMC_0323,api,1,FOMC_0317,1.5,46,0.9138599553907849,0.2763618749293966,0.9421327728067638,2007-12-11,-0.0274,-0.0145,-0.0233,-0.0021
FOMC_0323,api,2,FOMC_0313,1.5,46,0.9571426248774518,0.20071296064068422,0.9151100692546528,2008-01-30,-0.0074,0.01,-0.0009,-0.006
FOMC_0323,api,3,FOMC_0314,1.5,46,0.7385337492392829,0.14440903892658857,0.9102131544117564,2008-01-21,-0.0101,0.0086,-0.0259,0.0017
FOMC_0325,api,1,FOMC_0329,1.5,15,0.9988907373180403,0.17104342390418273,0.7518519066808005,2007-08-07,0.0107,-0.0006,0.0069,0.0029
FOMC_0325,api,2,FOMC_0314,1.5,15,0.8475694565873862,0.13971326972825865,0.7435303093453821,2008-01-21,-0.0101,0.0086,-0.0259,0.0017
FOMC_0325,api,3,FOMC_0304,1.5,15,-0.5800147905657416,0.08321514932362792,0.7331653342098331,2008-06-25,0.0047,-0.0006,0.0163,-0.0048
FOMC_0327,api,1,FOMC_0463,1.5,19,-0.3310423554409472,0.09904487532885982,0.6298320840510211,2000-02-02,0.0009,,0.0085,
FOMC_0327,api,2,FOMC_0461,1.5,19,0.0,0.09189088282582102,0.6272984440525975,2000-03-21,0.0205,,0.0377,
FOMC_0327,api,3,FOMC_0313,1.5,19,0.5109596602232936,0.08985334540237305,0.5728987110667818,2008-01-30,-0.0074,0.01,-0.0009,-0.006
FOMC_0329,api,1,FOMC_0330,1.5,42,0.4522670168666454,0.049352556115783035,0.9691655219482832,2007-06-28,-0.0001,0.0093,-0.0004,0.0
FOMC_0329,api,2,FOMC_0333,1.5,42,0.6396021490668313,0.2939431532647163,0.9537025707138351,2007-05-09,0.0027,-0.0063,0.0022,0.0012
FOMC_0329,api,3,FOMC_0339,1.5,42,0.8581163303210331,0.048071309015227014,0.9301714589531315,2006-12-12,-0.0008,-0.0008,-0.0057,
FOMC_0330,api,1,FOMC_0333,1.5,31,0.7071067811865475,0.5374840292104853,0.9855934021023344,2007-05-09,0.0027,-0.0063,0.0022,0.0012
FOMC_0330,api,2,FOMC_0335,1.5,31,0.8574929257125441,0.27394036078995226,0.9762358771159173,2007-03-21,0.0165,0.0084,0.0191,-0.0028
FOMC_0330,api,3,FOMC_0339,1.5,31,0.6324555320336758,0.3017998553533549,0.9372691833415913,2006-12-12,-0.0008,-0.0008,-0.0057,
FOMC_0333,api,1,FOMC_0330,1.5,36,0.7071067811865475,0.5374840292104853,0.9855934021023344,2007-06-28,-0.0001,0.0093,-0.0004,0.0
FOMC_0333,api,2,FOMC_0335,1.5,36,0.48507125007266594,0.4153336156481567,0.981298926824804,2007-03-21,0.0165,0.0084,0.0191,-0.0028
FOMC_0333,api,3,FOMC_0329,1.5,36,0.6396021490668313,0.2939431532647163,0.9537025707138351,2007-08-07,0.0107,-0.0006,0.0069,0.0029
FOMC_0335,api,1,FOMC_0333,1.5,40,0.48507125007266594,0.4153336156481567,0.981298926824804,2007-05-09,0.0027,-0.0063,0.0022,0.0012
FOMC_0335,api,2,FOMC_0330,1.5,40,0.8574929257125441,0.27394036078995226,0.9762358771159173,2007-06-28,-0.0001,0.0093,-0.0004,0.0
FOMC_0335,api,3,FOMC_0339,1.5,40,0.4338609156373123,0.28071585186540043,0.9330009675814461,2006-12-12,-0.0008,-0.0008,-0.0057,
FOMC_0337,api,1,FOMC_0341,1.5,34,-0.19611613513818404,0.5139435025677505,0.9522731448933064,2006-10-25,0.0034,0.0101,0.0072,
FOMC_0337,api,2,FOMC_0342,1.5,34,-2.2371143170757382e-17,0.3685190651390562,0.9429973818855666,2006-09-20,0.0053,0.006,0.0146,
FOMC_0337,api,3,FOMC_0345,1.5,34,0.1543033499620919,0.15389800381267815,0.9407439461753686,2006-08-08,-0.0042,-0.0082,-0.0063,
FOMC_0339,api,1,FOMC_0341,1.5,37,0.7442084075352507,0.5798721735402118,0.9969020256021696,2006-10-25,0.0034,0.0101,0.0072,
FOMC_0339,api,2,FOMC_0342,1.5,37,0.6324555320336758,0.3150400477859813,0.9779330894430963,2006-09-20,0.0053,0.006,0.0146,
FOMC_0339,api,3,FOMC_0333,1.5,37,0.8944271909999159,0.331134504886056,0.9486972186361702,2007-05-09,0.0027,-0.0063,0.0022,0.0012
FOMC_0341,api,1,FOMC_0339,1.5,38,0.7442084075352507,0.5798721735402118,0.9969020256021696,2006-12-12,-0.0008,-0.0008,-0.0057,
FOMC_0341,api,2,FOMC_0345,1.5,38,0.42365927286816174,0.22384353043023894,0.9834162531922033,2006-08-08,-0.0042,-0.0082,-0.0063,
FOMC_0341,api,3,FOMC_0342,1.5,38,0.9805806756909201,0.4130052520988005,0.9801043790227679,2006-09-20,0.0053,0.006,0.0146,
FOMC_0342,api,1,FOMC_0345,1.5,39,0.4629100498862757,0.2804137387029871,0.9926299458616568,2006-08-08,-0.0042,-0.0082,-0.0063,
FOMC_0342,api,2,FOMC_0341,1.5,39,0.9805806756909201,0.4130052520988005,0.9801043790227679,2006-10-25,0.0034,0.0101,0.0072,
FOMC_0342,api,3,FOMC_0339,1.5,39,0.6324555320336758,0.3150400477859813,0.9779330894430963,2006-12-12,-0.0008,-0.0008,-0.0057,
FOMC_0345,api,1,FOMC_0342,1.5,38,0.4629100498862757,0.2804137387029871,0.9926299458616568,2006-09-20,0.0053,0.006,0.0146,
FOMC_0345,api,2,FOMC_0341,1.5,38,0.42365927286816174,0.22384353043023894,0.9834162531922033,2006-10-25,0.0034,0.0101,0.0072,
FOMC_0345,api,3,FOMC_0339,1.5,38,0.19518001458970663,0.14248283152162278,0.9820349052619887,2006-12-12,-0.0008,-0.0008,-0.0057,
FOMC_0347,api,1,FOMC_0349,1.5,32,0.8574929257125441,0.45225620247505544,0.9651685793075049,2006-05-10,-0.0005,0.01,-0.0086,
FOMC_0347,api,2,FOMC_0351,1.5,32,0.48507125007266594,0.18074795451171854,0.912624387106812,2006-03-28,-0.0062,-0.0059,-0.0041,
FOMC_0347,api,3,FOMC_0355,1.5,32,0.40360367639778744,0.2507364878143204,0.9046679423676255,2005-12-13,0.0068,-0.0173,0.0043,
FOMC_0349,api,1,FOMC_0347,1.5,32,0.8574929257125441,0.45225620247505544,0.9651685793075049,2006-06-29,0.0202,0.0344,0.0306,
FOMC_0349,api,2,FOMC_0351,1.5,32,0.0,0.22907002786473532,0.9392466961211972,2006-03-28,-0.0062,-0.0059,-0.0041,
FOMC_0349,api,3,FOMC_0355,1.5,32,0.7844645405527361,0.22542504045191206,0.9141965128673601,2005-12-13,0.0068,-0.0173,0.0043,
FOMC_0351,api,1,FOMC_0347,1.5,39,0.48507125007266594,0.18074795451171854,0.912624387106812,2006-06-29,0.0202,0.0344,0.0306,
FOMC_0351,api,2,FOMC_0353,1.5,39,0.4472135954999579,0.215150637013555,0.9082238492181726,2006-01-31,-0.0073,0.0004,-0.0045,
FOMC_0351,api,3,FOMC_0317,1.5,39,0.6246950475544243,0.09413326755858611,0.8219801716120856,2007-12-11,-0.0274,-0.0145,-0.0233,-0.0021
FOMC_0353,api,1,FOMC_0351,1.5,38,0.4472135954999579,0.215150637013555,0.9082238492181726,2006-03-28,-0.0062,-0.0059,-0.0041,
FOMC_0353,api,2,FOMC_0365,1.5,38,0.4472135954999579,0.1384049498362267,0.8708386284799723,2005-05-03,0.0017,-0.0028,0.0051,
FOMC_0353,api,3,FOMC_0368,1.5,38,0.0,0.16810727530120667,0.8565588060412352,2005-02-02,0.003,0.0014,0.0013,
FOMC_0355,api,1,FOMC_0349,1.5,37,0.7844645405527361,0.22542504045191206,0.9141965128673601,2006-05-10,-0.0005,0.01,-0.0086,
FOMC_0355,api,2,FOMC_0347,1.5,37,0.40360367639778744,0.2507364878143204,0.9046679423676255,2006-06-29,0.0202,0.0344,0.0306,
FOMC_0355,api,3,FOMC_0363,1.5,37,0.8320502943378436,0.13655448085978772,0.8997218552931656,2005-06-30,-0.0054,-0.0044,-0.0079,
FOMC_0356,api,1,FOMC_0359,1.5,43,0.8574929257125441,0.16887203167000003,0.9292654388512707,2005-09-20,-0.0084,-0.0004,-0.0041,
FOMC_0356,api,2,FOMC_0376,1.5,43,0.6859943405700353,0.2156380154159599,0.9084236418511198,2004-09-21,0.0044,,0.0037,
FOMC_0356,api,3,FOMC_0365,1.5,43,0.7071067811865475,0.21696854283043823,0.9057277529293105,2005-05-03,0.0017,-0.0028,0.0051,
FOMC_0359,api,1,FOMC_0356,1.5,37,0.8574929257125441,0.16887203167000003,0.9292654388512707,2005-11-01,0.003,-0.0144,-0.0008,
FOMC_0359,api,2,FOMC_0365,1.5,37,0.7276068751089989,0.1962047714936035,0.8453116654875332,2005-05-03,0.0017,-0.0028,0.0051,
FOMC_0359,api,3,FOMC_0351,1.5,37,0.7276068751089989,0.22616045250471806,0.8150911351440886,2006-03-28,-0.0062,-0.0059,-0.0041,
FOMC_0361,api,1,FOMC_0363,1.5,34,-7.66449056764364e-18,0.5391784483645079,0.9761081128491227,2005-06-30,-0.0054,-0.0044,-0.0079,
FOMC_0361,api,2,FOMC_0368,1.5,34,0.0,0.41136187645920175,0.9684045064978288,2005-02-02,0.003,0.0014,0.0013,
FOMC_0361,api,3,FOMC_0367,1.5,34,-0.17149858514250882,0.2083459866663331,0.9518234292666693,2005-03-22,-0.0102,-0.0102,-0.0124,
FOMC_0363,api,1,FOMC_0368,1.5,43,0.0,0.3597072600886552,0.9839514919085799,2005-02-02,0.003,0.0014,0.0013,
FOMC_0363,api,2,FOMC_0361,1.5,43,-7.66449056764364e-18,0.5391784483645079,0.9761081128491227,2005-08-09,0.006,-0.0002,0.0067,
FOMC_0363,api,3,FOMC_0367,1.5,43,0.8084520834544432,0.2790092080494872,0.9646885347744145,2005-03-22,-0.0102,-0.0102,-0.0124,
FOMC_0365,api,1,FOMC_0376,1.5,43,0.48507125007266594,0.202394421765316,0.9531670184106973,2004-09-21,0.0044,,0.0037,
FOMC_0365,api,2,FOMC_0378,1.5,43,0.7071067811865476,0.261396275407702,0.9377129218625145,2004-08-10,0.0129,,0.0126,
FOMC_0365,api,3,FOMC_0356,1.5,43,0.7071067811865475,0.21696854283043823,0.9057277529293105,2005-11-01,0.003,-0.0144,-0.0008,
FOMC_0367,api,1,FOMC_0368,1.5,33,0.0,0.44418974611926926,0.972657672547187,2005-02-02,0.003,0.0014,0.0013,
FOMC_0367,api,2,FOMC_0363,1.5,33,0.8084520834544432,0.2790092080494872,0.9646885347744145,2005-06-30,-0.0054,-0.0044,-0.0079,
FOMC_0367,api,3,FOMC_0361,1.5,33,-0.17149858514250882,0.2083459866663331,0.9518234292666693,2005-08-09,0.006,-0.0002,0.0067,
FOMC_0368,api,1,FOMC_0363,1.5,39,0.0,0.3597072600886552,0.9839514919085799,2005-06-30,-0.0054,-0.0044,-0.0079,
FOMC_0368,api,2,FOMC_0365,1.5,39,0.0,0.4734515721886607,0.9743215651820523,2005-05-03,0.0017,-0.0028,0.0051,
FOMC_0368,api,3,FOMC_0367,1.5,39,0.0,0.44418974611926926,0.972657672547187,2005-03-22,-0.0102,-0.0102,-0.0124,
FOMC_0372,api,1,FOMC_0374,1.5,51,0.0,0.6351343130396906,0.9519535475060197,2004-11-10,0.0008,,-0.0034,
FOMC_0372,api,2,FOMC_0376,1.5,51,0.0,0.28101647304121424,0.9474475049481147,2004-09-21,0.0044,,0.0037,
FOMC_0372,api,3,FOMC_0363,1.5,51,0.0,0.3535323230360409,0.9403262912406618,2005-06-30,-0.0054,-0.0044,-0.0079,
FOMC_0374,api,1,FOMC_0376,1.5,53,1.8227479712115986e-17,0.584393927857826,0.9891100550726859,2004-09-21,0.0044,,0.0037,
FOMC_0374,api,2,FOMC_0368,1.5,53,0.0,0.596431364960331,0.9692451075531414,2005-02-02,0.003,0.0014,0.0013,
FOMC_0374,api,3,FOMC_0363,1.5,53,0.11111111111111108,0.22675565191053565,0.9554869883841328,2005-06-30,-0.0054,-0.0044,-0.0079,
FOMC_0376,api,1,FOMC_0378,1.5,58,0.6859943405700354,0.5948832983695923,0.9784775812338999,2004-08-10,0.0129,,0.0126,
FOMC_0376,api,2,FOMC_0365,1.5,58,0.48507125007266594,0.202394421765316,0.9531670184106973,2005-05-03,0.0017,-0.0028,0.0051,
FOMC_0376,api,3,FOMC_0356,1.5,58,0.6859943405700353,0.2156380154159599,0.9084236418511198,2005-11-01,0.003,-0.0144,-0.0008,
FOMC_0378,api,1,FOMC_0376,1.5,47,0.6859943405700354,0.5948832983695923,0.9784775812338999,2004-09-21,0.0044,,0.0037,
FOMC_0378,api,2,FOMC_0365,1.5,47,0.7071067811865476,0.261396275407702,0.9377129218625145,2005-05-03,0.0017,-0.0028,0.0051,
FOMC_0378,api,3,FOMC_0383,1.5,47,1.0,0.12359017809960011,0.8597250417567424,2004-03-16,0.0053,,0.0017,
FOMC_0380,api,1,FOMC_0374,1.5,36,-0.1160517706371319,0.20976349338003916,0.9764804077579946,2004-11-10,0.0008,,-0.0034,
FOMC_0380,api,2,FOMC_0378,1.5,36,-0.2461829819586655,0.11201827018621698,0.9656665419545034,2004-08-10,0.0129,,0.0126,
FOMC_0380,api,3,FOMC_0368,1.5,36,0.0,0.13742881288768066,0.9486392006683547,2005-02-02,0.003,0.0014,0.0013,
FOMC_0382,api,1,FOMC_0383,1.5,34,-0.34299717028501764,0.35263636224639816,0.9624047252112846,2004-03-16,0.0053,,0.0017,
FOMC_0382,api,2,FOMC_0386,1.5,34,0.8677218312746247,0.4211876282834686,0.9615725653018112,2004-01-28,-0.0114,,-0.0168,
FOMC_0382,api,3,FOMC_0388,1.5,34,0.560112033611204,0.12056742984790053,0.9245262907176102,2003-12-09,-0.0077,,-0.0228,
FOMC_0383,api,1,FOMC_0390,1.5,66,0.7071067811865475,0.09248247937018626,0.9227522353150899,2003-10-28,0.0136,,0.0338,
FOMC_0383,api,2,FOMC_0392,1.5,66,0.9999999999999998,0.08726645693640095,0.921932241208553,2003-09-16,0.0146,,0.0273,
FOMC_0383,api,3,FOMC_0376,1.5,66,0.6859943405700353,0.18171641171825748,0.8606451341070123,2004-09-21,0.0044,,0.0037,
FOMC_0386,api,1,FOMC_0382,1.5,39,0.8677218312746247,0.4211876282834686,0.9615725653018112,2004-05-04,-0.0008,,0.0043,
FOMC_0386,api,2,FOMC_0388,1.5,39,0.25819888974716115,0.5447593206801682,0.9537508004451711,2003-12-09,-0.0077,,-0.0228,
FOMC_0386,api,3,FOMC_0380,1.5,39,0.9341987329938276,0.08800715099924092,0.8838430351973103,2004-06-30,0.0054,,0.0097,
FOMC_0388,api,1,FOMC_0395,1.5,42,2.6674767332906203e-17,0.2568988497182262,0.9651317778594775,2003-08-12,0.0091,,0.0152,
FOMC_0388,api,2,FOMC_0386,1.5,42,0.25819888974716115,0.5447593206801682,0.9537508004451711,2004-01-28,-0.0114,,-0.0168,
FOMC_0388,api,3,FOMC_0382,1.5,42,0.560112033611204,0.12056742984790053,0.9245262907176102,2004-05-04,-0.0008,,0.0043,
FOMC_0390,api,1,FOMC_0392,1.5,43,0.7071067811865475,0.4981957785636947,0.9954862823920668,2003-09-16,0.0146,,0.0273,
FOMC_0390,api,2,FOMC_0383,1.5,43,0.7071067811865475,0.09248247937018626,0.9227522353150899,2004-03-16,0.0053,,0.0017,
FOMC_0390,api,3,FOMC_0399,1.5,43,0.0,0.16808146250121936,0.8574235184059961,2003-05-06,0.0095,,0.0128,
FOMC_0392,api,1,FOMC_0390,1.5,38,0.7071067811865475,0.4981957785636947,0.9954862823920668,2003-10-28,0.0136,,0.0338,
FOMC_0392,api,2,FOMC_0383,1.5,38,0.9999999999999998,0.08726645693640095,0.921932241208553,2004-03-16,0.0053,,0.0017,
FOMC_0392,api,3,FOMC_0419,1.5,38,0.7071067811865475,0.11954960839488038,0.8513181184010045,2002-05-07,-0.0035,,-0.0094,
FOMC_0395,api,1,FOMC_0388,1.5,39,2.6674767332906203e-17,0.2568988497182262,0.9651317778594775,2003-12-09,-0.0077,,-0.0228,
FOMC_0395,api,2,FOMC_0396,1.5,39,0.9911892555667043,0.19588118097957197,0.8651612791710898,2003-06-25,-0.01,,-0.0054,
FOMC_0395,api,3,FOMC_0399,1.5,39,0.4938291646584312,0.27720009664601397,0.8537393886426241,2003-05-06,0.0095,,0.0128,
FOMC_0396,api,1,FOMC_0410,1.5,77,0.4857468935598385,0.12310657925986541,0.8912105962511331,2002-11-06,0.013,,0.0142,
FOMC_0396,api,2,FOMC_0395,1.5,77,0.9911892555667043,0.19588118097957197,0.8651612791710898,2003-08-12,0.0091,,0.0152,
FOMC_0396,api,3,FOMC_0434,1.5,77,0.4588314677411235,0.15598206140704113,0.8555713412571809,2001-08-21,-0.0171,,-0.0415,
FOMC_0399,api,1,FOMC_0396,1.5,65,0.5083042452524146,0.1868874317735863,0.7988239437544293,2003-06-25,-0.01,,-0.0054,
FOMC_0399,api,2,FOMC_0300,1.5,65,0.8710327732246504,0.09794248525018741,0.7938378205572871,2008-09-16,0.0167,-0.0099,0.0079,0.0145
FOMC_0399,api,3,FOMC_0410,1.5,65,0.7932043159238392,0.05028926543461761,0.7781337391563006,2002-11-06,0.013,,0.0142,
FOMC_0405,api,1,FOMC_0407,1.5,41,0.8164965809277259,0.19423343653939792,0.8785021458641091,2003-01-29,0.0076,,0.015,
FOMC_0405,api,2,FOMC_0412,1.5,41,1.0,0.06963968224324818,0.8318003146696691,2002-09-24,-0.0161,,0.0005,
FOMC_0405,api,3,FOMC_0392,1.5,41,0.8164965809277259,0.12589300929440525,0.8086223611540835,2003-09-16,0.0146,,0.0273,
FOMC_0407,api,1,FOMC_0405,1.5,25,0.8164965809277259,0.19423343653939792,0.8785021458641091,2003-03-18,0.0059,,0.0121,
FOMC_0407,api,2,FOMC_0409,1.5,25,0.39223227027636803,0.15373255950952566,0.8725786996672662,2002-12-10,0.0134,,0.0151,
FOMC_0407,api,3,FOMC_0412,1.5,25,0.816496580927726,0.10227983278789556,0.870012068395313,2002-09-24,-0.0161,,0.0005,
FOMC_0409,api,1,FOMC_0417,1.5,29,0.5547001962252291,0.22077357779578446,0.9285394965339658,2002-06-26,0.0016,,-0.0004,
FOMC_0409,api,2,FOMC_0419,1.5,29,0.5547001962252291,0.16967851131404993,0.9212808628614566,2002-05-07,-0.0035,,-0.0094,
FOMC_0409,api,3,FOMC_0415,1.5,29,-0.047565149415449426,0.125915711446889,0.9087183286605687,2002-08-13,-0.0182,,-0.0343,
FOMC_0410,api,1,FOMC_0396,1.5,22,0.4857468935598385,0.12310657925986541,0.8912105962511331,2003-06-25,-0.01,,-0.0054,
FOMC_0410,api,2,FOMC_0424,1.5,22,-0.3249711651033535,0.20488536239048083,0.8659109389533977,2001-12-11,-0.002,,0.0056,
FOMC_0410,api,3,FOMC_0426,1.5,22,0.8151115136354148,0.2155458165716141,0.8466424885552831,2001-11-06,0.0155,,0.0388,
FOMC_0412,api,1,FOMC_0415,1.5,10,0.6931032800836721,0.2281075034307239,0.9367373015619063,2002-08-13,-0.0182,,-0.0343,
FOMC_0412,api,2,FOMC_0417,1.5,10,0.5773502691896258,0.15617853327493852,0.8970791360650319,2002-06-26,0.0016,,-0.0004,
FOMC_0412,api,3,FOMC_0409,1.5,10,-0.16012815380508716,0.11096032045840838,0.8903377880686751,2002-12-10,0.0134,,0.0151,
FOMC_0415,api,1,FOMC_0412,1.5,14,0.6931032800836721,0.2281075034307239,0.9367373015619063,2002-09-24,-0.0161,,0.0005,
FOMC_0415,api,2,FOMC_0409,1.5,14,-0.047565149415449426,0.125915711446889,0.9087183286605687,2002-12-10,0.0134,,0.0151,
FOMC_0415,api,3,FOMC_0417,1.5,14,0.6859943405700353,0.32262812513004946,0.8936514459923727,2002-06-26,0.0016,,-0.0004,
FOMC_0417,api,1,FOMC_0419,1.5,30,1.0,0.5312013623148522,0.9725359315988917,2002-05-07,-0.0035,,-0.0094,
FOMC_0417,api,2,FOMC_0409,1.5,30,0.5547001962252291,0.22077357779578446,0.9285394965339658,2002-12-10,0.0134,,0.0151,
FOMC_0417,api,3,FOMC_0421,1.5,30,0.8320502943378437,0.3615674529074487,0.9190084613063751,2002-03-19,0.0067,,-0.0016,
FOMC_0419,api,1,FOMC_0417,1.5,30,1.0,0.5312013623148522,0.9725359315988917,2002-06-26,0.0016,,-0.0004,
FOMC_0419,api,2,FOMC_0421,1.5,30,0.8320502943378437,0.4269077209945358,0.9395387162546938,2002-03-19,0.0067,,-0.0016,
FOMC_0419,api,3,FOMC_0409,1.5,30,0.5547001962252291,0.16967851131404993,0.9212808628614566,2002-12-10,0.0134,,0.0151,
FOMC_0421,api,1,FOMC_0419,1.5,21,0.8320502943378437,0.4269077209945358,0.9395387162546938,2002-05-07,-0.0035,,-0.0094,
FOMC_0421,api,2,FOMC_0417,1.5,21,0.8320502943378437,0.3615674529074487,0.9190084613063751,2002-06-26,0.0016,,-0.0004,
FOMC_0421,api,3,FOMC_0407,1.5,21,0.588348405414552,0.20367566744510335,0.8169935862488825,2003-01-29,0.0076,,0.015,
FOMC_0423,api,1,FOMC_0415,1.5,23,-0.047565149415449426,0.15645349593045213,0.8767057161050346,2002-08-13,-0.0182,,-0.0343,
FOMC_0423,api,2,FOMC_0409,1.5,23,1.0000000000000002,0.2443803107503205,0.8628771406881639,2002-12-10,0.0134,,0.0151,
FOMC_0423,api,3,FOMC_0417,1.5,23,0.5547001962252291,0.29864083047681594,0.8556819939376857,2002-06-26,0.0016,,-0.0004,
FOMC_0424,api,1,FOMC_0436,1.5,27,0.8320502943378437,0.14047926563434007,0.9352314585110422,2001-06-27,-0.0006,,0.0065,
FOMC_0424,api,2,FOMC_0410,1.5,27,-0.3249711651033535,0.20488536239048083,0.8659109389533977,2002-11-06,0.013,,0.0142,
FOMC_0424,api,3,FOMC_0396,1.5,27,-0.26995276239950855,0.16184427119024544,0.8563745664968039,2003-06-25,-0.01,,-0.0054,
FOMC_0426,api,1,FOMC_0429,1.5,28,0.9135002783911396,0.2515768636979021,0.9361469365616948,2001-10-02,0.0126,,0.0031,
FOMC_0426,api,2,FOMC_0439,1.5,28,0.9486832980505139,0.2708695420225515,0.8723104435523907,2001-04-18,0.0397,,0.1042,
FOMC_0426,api,3,FOMC_0437,1.5,28,0.8082903768654761,0.18408102142192717,0.8598749264095725,2001-05-15,0.0046,,0.0074,
FOMC_0429,api,1,FOMC_0426,1.5,25,0.9135002783911396,0.2515768636979021,0.9361469365616948,2001-11-06,0.0155,,0.0388,
FOMC_0429,api,2,FOMC_0430,1.5,25,0.798489954161323,0.13339695802464213,0.9098993914167087,2001-09-17,-0.0522,,-0.0852,
FOMC_0429,api,3,FOMC_0439,1.5,25,0.919145030018058,0.18579127941587315,0.8514199219166256,2001-04-18,0.0397,,0.1042,
FOMC_0430,api,1,FOMC_0426,1.5,9,0.6708203932499369,0.09577249922645426,0.9128284161706703,2001-11-06,0.0155,,0.0388,
FOMC_0430,api,2,FOMC_0429,1.5,9,0.798489954161323,0.13339695802464213,0.9098993914167087,2001-10-02,0.0126,,0.0031,
FOMC_0430,api,3,FOMC_0410,1.5,9,0.8592468124734376,0.12047643150454826,0.8304081668121639,2002-11-06,0.013,,0.0142,
FOMC_0434,api,1,FOMC_0426,1.5,35,0.9486832980505137,0.14920597874796768,0.9189571167330131,2001-11-06,0.0155,,0.0388,
FOMC_0434,api,2,FOMC_0429,1.5,35,0.9191450300180578,0.07017323781555482,0.9095272570322295,2001-10-02,0.0126,,0.0031,
FOMC_0434,api,3,FOMC_0437,1.5,35,0.7302967433402214,0.47216544316439424,0.8932167486798794,2001-05-15,0.0046,,0.0074,
FOMC_0436,api,1,FOMC_0424,1.5,31,0.8320502943378437,0.14047926563434007,0.9352314585110422,2001-12-11,-0.002,,0.0056,
FOMC_0436,api,2,FOMC_0463,1.5,31,0.7071067811865475,0.12098279024467506,0.8040528646251391,2000-02-02,0.0009,,0.0085,
FOMC_0436,api,3,FOMC_0380,1.5,31,0.8703882797784892,0.10254664319902736,0.7839967476322749,2004-06-30,0.0054,,0.0097,
FOMC_0437,api,1,FOMC_0439,1.5,29,0.7302967433402215,0.15248833560394112,0.9434497537351962,2001-04-18,0.0397,,0.1042,
FOMC_0437,api,2,FOMC_0434,1.5,29,0.7302967433402214,0.47216544316439424,0.8932167486798794,2001-08-21,-0.0171,,-0.0415,
FOMC_0437,api,3,FOMC_0443,1.5,29,0.7302967433402215,0.21496129716753765,0.8870831365527752,2001-03-20,-0.0268,,-0.0673,
FOMC_0439,api,1,FOMC_0437,1.5,30,0.7302967433402215,0.15248833560394112,0.9434497537351962,2001-05-15,0.0046,,0.0074,
FOMC_0439,api,2,FOMC_0443,1.5,30,1.0000000000000002,0.15883727622770236,0.888861221564535,2001-03-20,-0.0268,,-0.0673,
FOMC_0439,api,3,FOMC_0426,1.5,30,0.9486832980505139,0.2708695420225515,0.8723104435523907,2001-11-06,0.0155,,0.0388,
FOMC_0443,api,1,FOMC_0437,1.5,21,0.7302967433402215,0.21496129716753765,0.8870831365527752,2001-05-15,0.0046,,0.0074,
FOMC_0443,api,2,FOMC_0445,1.5,21,1.0000000000000002,0.18060558053243286,0.8774542933965681,2001-01-31,-0.0057,,-0.0367,
FOMC_0443,api,3,FOMC_0446,1.5,21,0.8728715609439694,0.2715422809860264,0.8641970783652747,2001-01-03,0.0481,,0.1685,
FOMC_0445,api,1,FOMC_0446,1.5,43,0.8728715609439694,0.34944043909493216,0.9070542402558375,2001-01-03,0.0481,,0.1685,
FOMC_0445,api,2,FOMC_0443,1.5,43,1.0000000000000002,0.18060558053243286,0.8774542933965681,2001-03-20,-0.0268,,-0.0673,
FOMC_0445,api,3,FOMC_0439,1.5,43,1.0000000000000002,0.1288064985188709,0.8681208770908113,2001-04-18,0.0397,,0.1042,
FOMC_0446,api,1,FOMC_0445,1.5,17,0.8728715609439694,0.34944043909493216,0.9070542402558375,2001-01-31,-0.0057,,-0.0367,
FOMC_0446,api,2,FOMC_0436,1.5,17,-0.7715167498104595,0.11069978180306628,0.8773962267494053,2001-06-27,-0.0006,,0.0065,
FOMC_0446,api,3,FOMC_0437,1.5,17,0.8765009801785553,0.15282398108109538,0.8651140443997973,2001-05-15,0.0046,,0.0074,
FOMC_0449,api,1,FOMC_0450,1.5,15,0.3212462831016178,0.21387072892993125,0.8790990736683365,2000-11-15,0.0032,,0.0201,
FOMC_0449,api,2,FOMC_0455,1.5,15,2.6172043529646267e-17,0.2651155715949633,0.8654627694347496,2000-08-22,-0.0017,,0.0,
FOMC_0449,api,3,FOMC_0453,1.5,15,-0.23693955110363696,0.26226674432404523,0.8637528806480406,2000-10-03,-0.0093,,-0.0317,
FOMC_0450,api,1,FOMC_0453,1.5,15,0.7592566023652966,0.4348916639462231,0.941723702566355,2000-10-03,-0.0093,,-0.0317,
FOMC_0450,api,2,FOMC_0457,1.5,15,0.40533961419994047,0.4070056400880769,0.9317761162913296,2000-06-28,0.0028,,0.0121,
FOMC_0450,api,3,FOMC_0455,1.5,15,0.8574929257125441,0.3821068781979049,0.9203665344897851,2000-08-22,-0.0017,,0.0,
FOMC_0453,api,1,FOMC_0457,1.5,26,0.2491364395612199,0.5515396071966516,0.9512056006042364,2000-06-28,0.0028,,0.0121,
FOMC_0453,api,2,FOMC_0450,1.5,26,0.7592566023652966,0.4348916639462231,0.941723702566355,2000-11-15,0.0032,,0.0201,
FOMC_0453,api,3,FOMC_0455,1.5,26,0.9486832980505137,0.536522550074848,0.9252124589950266,2000-08-22,-0.0017,,0.0,
FOMC_0455,api,1,FOMC_0457,1.5,27,0.39391929857916763,0.6479167844935751,0.9684375215394689,2000-06-28,0.0028,,0.0121,
FOMC_0455,api,2,FOMC_0453,1.5,27,0.9486832980505137,0.536522550074848,0.9252124589950266,2000-10-03,-0.0093,,-0.0317,
FOMC_0455,api,3,FOMC_0450,1.5,27,0.8574929257125441,0.3821068781979049,0.9203665344897851,2000-11-15,0.0032,,0.0201,
FOMC_0457,api,1,FOMC_0455,1.5,31,0.39391929857916763,0.6479167844935751,0.9684375215394689,2000-08-22,-0.0017,,0.0,
FOMC_0457,api,2,FOMC_0453,1.5,31,0.2491364395612199,0.5515396071966516,0.9512056006042364,2000-10-03,-0.0093,,-0.0317,
FOMC_0457,api,3,FOMC_0450,1.5,31,0.40533961419994047,0.4070056400880769,0.9317761162913296,2000-11-15,0.0032,,0.0201,
FOMC_0459,api,1,FOMC_0463,1.5,17,0.9899494936611665,0.29271972639644384,0.9780404203330075,2000-02-02,0.0009,,0.0085,
FOMC_0459,api,2,FOMC_0461,1.5,17,0.8,0.31333535492008624,0.9727995837993271,2000-03-21,0.0205,,0.0377,
FOMC_0459,api,3,FOMC_0353,1.5,17,-0.7155417527999327,0.1731622117447661,0.8452397908853004,2006-01-31,-0.0073,0.0004,-0.0045,
FOMC_0461,api,1,FOMC_0463,1.5,31,0.7071067811865475,0.5232611042557601,0.9816198121867816,2000-02-02,0.0009,,0.0085,
FOMC_0461,api,2,FOMC_0459,1.5,31,0.8,0.31333535492008624,0.9727995837993271,2000-05-16,0.0097,,0.0283,
FOMC_0461,api,3,FOMC_0355,1.5,31,0.5547001962252291,0.14367118817377317,0.828763738474105,2005-12-13,0.0068,-0.0173,0.0043,
FOMC_0463,api,1,FOMC_0461,1.5,20,0.7071067811865475,0.5232611042557601,0.9816198121867816,2000-03-21,0.0205,,0.0377,
FOMC_0463,api,2,FOMC_0459,1.5,20,0.9899494936611665,0.29271972639644384,0.9780404203330075,2000-05-16,0.0097,,0.0283,
FOMC_0463,api,3,FOMC_0436,1.5,20,0.7071067811865475,0.12098279024467506,0.8040528646251391,2001-06-27,-0.0006,,0.0065,
